signal_id,ehtimollik
SG_000001,0.14732329477029343
SG_000007,0.2086337909364444
SG_000009,0.13361370966516975
SG_000010,0.1319307465217337
SG_000011,0.11297564836304831
SG_000018,0.1875066324463847
SG_000024,0.18433650936637325
SG_000026,0.15481749703408884
SG_000032,0.18003532303072567
SG_000033,0.23241820875089605
SG_000034,0.14327347850969638
SG_000036,0.14004186730844187
SG_000039,0.17872387907890233
SG_000048,0.1619208097653865
SG_000049,0.17044180200561124
SG_000050,0.2172852143947709
SG_000053,0.11242887009564634
SG_000054,0.19173687427379293
SG_000055,0.18795361308450392
SG_000058,0.1560329288953762
SG_000059,0.17826632966051073
SG_000061,0.19897505780412983
SG_000062,0.17435227434697353
SG_000072,0.1723469132929345
SG_000073,0.14606476549590894
SG_000075,0.17699964674861737
SG_000080,0.22922254586201327
SG_000081,0.21151520702728716
SG_000083,0.1280716596585314
SG_000086,0.21419055862168387
SG_000087,0.2530108755553371
SG_000092,0.1827248582115041
SG_000099,0.20354503712422187
SG_000100,0.15336104309127577
SG_000105,0.14931402875145297
SG_000106,0.19656199068798366
SG_000107,0.10717992681759916
SG_000118,0.19180860905131092
SG_000120,0.17826632966051073
SG_000125,0.15804233640724566
SG_000129,0.16044036767245257
SG_000137,0.1767337934468511
SG_000146,0.1888190404575445
SG_000147,0.18120474248234147
SG_000149,0.18693880799145224
SG_000153,0.17105859292147596
SG_000161,0.1341713831110207
SG_000163,0.13843604075236768
SG_000165,0.18970505897388734
SG_000173,0.15070671667463123
SG_000178,0.15739639438651318
SG_000179,0.14154542039872983
SG_000187,0.23849977070842185
SG_000192,0.11242887009564634
SG_000193,0.263038922986286
SG_000195,0.15601946958268612
SG_000196,0.17588387273063094
SG_000201,0.12577225427244126
SG_000203,0.1709104334563905
SG_000205,0.3100032978188698
SG_000207,0.17931830518128217
SG_000211,0.17603163784391612
SG_000214,0.15418130644614278
SG_000217,0.11242887009564634
SG_000218,0.25089257744283017
SG_000219,0.20712040031025847
SG_000227,0.15803601813844476
SG_000229,0.13254414642856538
SG_000232,0.16512864636623384
SG_000240,0.15973465027813277
SG_000242,0.20821473776775512
SG_000244,0.1560329288953762
SG_000246,0.14873650508345432
SG_000250,0.201072859233211
SG_000253,0.1950269376960727
SG_000262,0.1886232687165906
SG_000269,0.23201686740102845
SG_000270,0.14356063405724878
SG_000271,0.19545730013216883
SG_000284,0.18220846379635783
SG_000286,0.1866176523142904
SG_000287,0.14310961715898599
SG_000290,0.26324019197999415
SG_000291,0.16172800361985928
SG_000301,0.18272291824681158
SG_000302,0.1633649112152981
SG_000304,0.1491014350290867
SG_000306,0.24477939835217294
SG_000309,0.12868348412392677
SG_000314,0.1731112580832637
SG_000319,0.1988619506853876
SG_000320,0.1557238991753131
SG_000321,0.184862251126295
SG_000325,0.25109377283093665
SG_000328,0.18270361768715523
SG_000329,0.15993251814047257
SG_000333,0.2075208421995395
SG_000334,0.1834678735692067
SG_000335,0.1538384469766049
SG_000339,0.11180387962970459
SG_000341,0.12737219019183613
SG_000345,0.24484629256626086
SG_000347,0.1444059930981373
SG_000349,0.12868348412392677
SG_000350,0.13420820500675315
SG_000351,0.1403624787817803
SG_000357,0.14030677676056616
SG_000360,0.1854262816739199
SG_000366,0.2530108755553371
SG_000368,0.186482666080495
SG_000370,0.16414171401449312
SG_000378,0.15998534725654484
SG_000386,0.20406948767832322
SG_000394,0.1424549410676173
SG_000395,0.1556043484915115
SG_000397,0.24800323782079528
SG_000398,0.17282942329918047
SG_000401,0.1823460058050558
SG_000402,0.18531029972566268
SG_000414,0.19037790959689344
SG_000415,0.24423956788042805
SG_000419,0.1909786371165364
SG_000420,0.20328477462418426
SG_000422,0.23185507241165623
SG_000425,0.15724979266188313
SG_000430,0.15112341538754764
SG_000431,0.13254414642856538
SG_000435,0.11081049018094473
SG_000436,0.1318382970886083
SG_000440,0.15130016695546547
SG_000444,0.14789315717031679
SG_000450,0.15334127003055503
SG_000452,0.15677819891045147
SG_000454,0.1601445033363903
SG_000460,0.18793788995507563
SG_000462,0.14400455349976768
SG_000471,0.15713911674708728
SG_000474,0.17857240889358714
SG_000475,0.175393482999021
SG_000476,0.15130822921378043
SG_000480,0.16859825492512306
SG_000482,0.19607917140917888
SG_000484,0.21014689847600845
SG_000487,0.2016050121666293
SG_000488,0.17946544743463996
SG_000494,0.17519904526955865
SG_000496,0.16581230840366556
SG_000497,0.1303951952796257
SG_000498,0.18011340492546865
SG_000501,0.16427243168561298
SG_000506,0.13378885860053355
SG_000511,0.15025839915111688
SG_000513,0.11148478512800994
SG_000524,0.16264708925981147
SG_000526,0.20025397415942647
SG_000527,0.13879623734060262
SG_000530,0.17419532184825434
SG_000535,0.13995408506512635
SG_000536,0.18604471475231113
SG_000551,0.23694268552056366
SG_000561,0.23367253436733165
SG_000563,0.26721082275085545
SG_000567,0.1895840538691234
SG_000572,0.17671540010348347
SG_000580,0.16258813730909885
SG_000583,0.19806880634901572
SG_000585,0.22027964417945908
SG_000588,0.13177361149763517
SG_000591,0.16240058813067806
SG_000593,0.1555835560163887
SG_000594,0.15404868022558
SG_000598,0.12831019135885857
SG_000603,0.136204721046351
SG_000610,0.15209049662520494
SG_000614,0.15481749703408884
SG_000615,0.24369928298174956
SG_000616,0.1455442108283368
SG_000617,0.1410996915344271
SG_000619,0.11297564836304831
SG_000621,0.18443907252852937
SG_000629,0.2007608031905336
SG_000633,0.16184941238861328
SG_000634,0.18920843928349496
SG_000638,0.1665856133882481
SG_000640,0.23754977248132006
SG_000643,0.1915962176895186
SG_000646,0.2767447349289081
SG_000648,0.14827796622628803
SG_000657,0.1420151645949552
SG_000662,0.19274230252096955
SG_000665,0.1388264843222848
SG_000666,0.19361747820827951
SG_000672,0.1280716596585314
SG_000674,0.17553986329043625
SG_000677,0.1495363941892789
SG_000678,0.19396253817513112
SG_000679,0.1397933282433678
SG_000691,0.26385898890531123
SG_000692,0.15017211258722454
SG_000693,0.14845471609973465
SG_000695,0.2257690188365854
SG_000696,0.1529234098440721
SG_000698,0.10717992681759916
SG_000706,0.15022497824559375
SG_000709,0.1569952993469601
SG_000713,0.15257416837534038
SG_000716,0.13863285929843486
SG_000717,0.12219294757144536
SG_000719,0.18583892184470707
SG_000722,0.24477939835217294
SG_000727,0.15378732302696146
SG_000734,0.22291921326050446
SG_000737,0.14682507994824148
SG_000739,0.1678819986335177
SG_000742,0.1812517994453854
SG_000743,0.15006961389273152
SG_000750,0.15633768103479936
SG_000751,0.20686819819865357
SG_000759,0.20997773761686808
SG_000762,0.16820513455030242
SG_000764,0.17408442581755904
SG_000768,0.1327335081892508
SG_000769,0.19432900684891363
SG_000770,0.16508425589586023
SG_000788,0.24477939835217294
SG_000790,0.16238457555982072
SG_000797,0.14954234899552027
SG_000798,0.12737219019183613
SG_000799,0.18692569106768073
SG_000802,0.15730626444770351
SG_000803,0.27369678006333464
SG_000809,0.2620627979967022
SG_000811,0.13246619652856909
SG_000812,0.24084935372504895
SG_000816,0.2517726080916387
SG_000817,0.14707312269184358
SG_000820,0.13838793719179193
SG_000821,0.13146420817671473
SG_000826,0.20735841155378235
SG_000840,0.18391800732186167
SG_000849,0.20488225125444579
SG_000851,0.15807937580402984
SG_000856,0.13580925671610564
SG_000857,0.1639057267559219
SG_000864,0.13608287063053068
SG_000865,0.13841315171190258
SG_000875,0.20191657565703064
SG_000883,0.16582850888810569
SG_000888,0.16042864958795428
SG_000889,0.17192821883515585
SG_000890,0.18883694049888194
SG_000891,0.11265363373882178
SG_000903,0.1663113920957091
SG_000907,0.1418302495109744
SG_000909,0.13335793847423058
SG_000910,0.20745898222086706
SG_000911,0.15435556135347608
SG_000912,0.2932800208675461
SG_000913,0.24800323782079528
SG_000917,0.19498753349556186
SG_000920,0.18817282561102522
SG_000928,0.12219294757144536
SG_000934,0.13617071022445795
SG_000935,0.2767447349289081
SG_000938,0.16899177007832394
SG_000940,0.15664692969306784
SG_000943,0.15461587533470172
SG_000945,0.17612021453118729
SG_000946,0.14224558371797058
SG_000948,0.17453432530696997
SG_000950,0.23633003740495093
SG_000954,0.16626105415486084
SG_000959,0.2079317895003436
SG_000963,0.1508502337801866
SG_000965,0.16398929856023398
SG_000968,0.16131474444443714
SG_000970,0.2530108755553371
SG_000973,0.12682006033930565
SG_000975,0.1237762608145903
SG_000977,0.11539386112285678
SG_000980,0.249566285524698
SG_000981,0.18792173236913612
SG_000985,0.16253051709226976
SG_000987,0.18875340525481027
SG_000988,0.1765685793567848
SG_000990,0.1699514833300544
SG_000991,0.17582714892862578
SG_001002,0.2303934314883071
SG_001004,0.1926010592927934
SG_001009,0.12701501690714098
SG_001010,0.17294222389132644
SG_001014,0.19102177880599785
SG_001023,0.1755747925115491
SG_001027,0.11242887009564634
SG_001028,0.1887502393920734
SG_001030,0.17138596474876647
SG_001031,0.19173687427379293
SG_001032,0.13420820500675315
SG_001042,0.15846252464011393
SG_001048,0.1556043484915115
SG_001049,0.138506141453429
SG_001052,0.17029608130306154
SG_001058,0.13254414642856538
SG_001060,0.1333969639266375
SG_001066,0.15986658670243054
SG_001067,0.186482666080495
SG_001070,0.15740381386023175
SG_001071,0.16867692936973608
SG_001075,0.1277338926008933
SG_001076,0.17044180200561124
SG_001078,0.1508502337801866
SG_001081,0.19837961601809678
SG_001085,0.1507295071277607
SG_001086,0.15006961389273152
SG_001100,0.13177361149763517
SG_001101,0.12219294757144536
SG_001102,0.18661581793151344
SG_001106,0.14004186730844187
SG_001107,0.13729815222764763
SG_001108,0.1765759909817174
SG_001109,0.12682006033930565
SG_001111,0.22376899521820184
SG_001117,0.187492979619511
SG_001121,0.1511420362884616
SG_001123,0.18287944094466527
SG_001125,0.20353397199898451
SG_001126,0.26145450083185773
SG_001128,0.14206736391545144
SG_001133,0.1414249470866724
SG_001135,0.1806793291583526
SG_001143,0.28268909658494584
SG_001153,0.12852517341864877
SG_001155,0.24477939835217294
SG_001157,0.2090372035730631
SG_001159,0.14609863755724375
SG_001161,0.223211442146263
SG_001163,0.10994149420047783
SG_001167,0.24800323782079528
SG_001180,0.28209651470051084
SG_001181,0.27369678006333464
SG_001182,0.15573163117224842
SG_001184,0.1885984518872781
SG_001188,0.17505520736361108
SG_001190,0.17032279983106846
SG_001192,0.1669421866433721
SG_001196,0.21965088798107113
SG_001201,0.1819859927399647
SG_001202,0.10717992681759916
SG_001203,0.1831050946266169
SG_001205,0.1280716596585314
SG_001208,0.1624300549827221
SG_001210,0.15430857110323865
SG_001211,0.17418586053115304
SG_001213,0.19427712011495876
SG_001215,0.24910156083047988
SG_001217,0.1899822040218125
SG_001225,0.18303933978456152
SG_001226,0.1611206641799074
SG_001229,0.15386362877677265
SG_001230,0.14853629570055182
SG_001236,0.18194842540738404
SG_001237,0.13079106016080297
SG_001243,0.18641065123638836
SG_001245,0.15073940944628406
SG_001248,0.1388132562571369
SG_001252,0.14451925534292182
SG_001255,0.24331758686230082
SG_001257,0.16716301487355684
SG_001262,0.1454924990060547
SG_001264,0.16874828370658168
SG_001267,0.14631074490239446
SG_001279,0.10961813828972812
SG_001285,0.17559632257272817
SG_001287,0.14780865757216421
SG_001293,0.17797031615086709
SG_001296,0.1938077499060523
SG_001298,0.19208390557173324
SG_001303,0.14728579363799366
SG_001305,0.14339237554802273
SG_001306,0.1501931278569135
SG_001309,0.25009496066763703
SG_001312,0.13177361149763517
SG_001313,0.14004186730844187
SG_001314,0.2281548602229446
SG_001316,0.1496011230626659
SG_001318,0.13580925671610564
SG_001319,0.15633768103479936
SG_001321,0.22861486836045167
SG_001322,0.19522245535584887
SG_001327,0.13177361149763517
SG_001331,0.16179159643211327
SG_001335,0.18489269916819684
SG_001336,0.2380794747535626
SG_001349,0.20193617245741685
SG_001350,0.1786833159877444
SG_001352,0.19488334250380568
SG_001354,0.16482507464323642
SG_001361,0.17925936063646206
SG_001362,0.21413868016414897
SG_001364,0.17953444747240943
SG_001374,0.17164344761234349
SG_001389,0.15716763525760935
SG_001390,0.11818340810486713
SG_001395,0.19598197780692936
SG_001397,0.15772370414896011
SG_001401,0.158991837748303
SG_001402,0.17670885513390824
SG_001405,0.15256050957679151
SG_001412,0.17390519584065273
SG_001415,0.20187667517986077
SG_001419,0.13254414642856538
SG_001421,0.1800942633515362
SG_001423,0.16133552742232224
SG_001432,0.2141893858702298
SG_001433,0.13081288012571773
SG_001441,0.2142123580210807
SG_001446,0.13254414642856538
SG_001447,0.15125376607173094
SG_001448,0.10961813828972812
SG_001453,0.15127735464910896
SG_001458,0.14404714880454644
SG_001465,0.17826543938806233
SG_001469,0.201103117466589
SG_001470,0.13254414642856538
SG_001472,0.24800323782079528
SG_001476,0.20601254715498366
SG_001478,0.24800323782079528
SG_001480,0.24319940094945774
SG_001484,0.16088731827147176
SG_001487,0.18219450084026687
SG_001493,0.14720804757580788
SG_001494,0.2426809800427469
SG_001500,0.20626200864548286
SG_001505,0.16582087285328873
SG_001506,0.14356063405724878
SG_001510,0.14296590364857711
SG_001514,0.2096640680180924
SG_001520,0.15327595186364634
SG_001525,0.20730046755940196
SG_001527,0.14941101653944502
SG_001528,0.1432508711685829
SG_001529,0.15743730661153527
SG_001531,0.24152324080974605
SG_001541,0.24477939835217294
SG_001542,0.15504144483728124
SG_001543,0.24800323782079528
SG_001545,0.17425834619383482
SG_001549,0.18107593008098286
SG_001557,0.1543105775459085
SG_001558,0.23003367224836802
SG_001561,0.21257235343279873
SG_001562,0.12219294757144536
SG_001563,0.21464847418857222
SG_001567,0.13254414642856538
SG_001568,0.18695225064966958
SG_001569,0.1552946334961977
SG_001570,0.15748078726924486
SG_001571,0.16581430859385576
SG_001572,0.1770351759076544
SG_001573,0.1437249252071125
SG_001576,0.1740626190422624
SG_001584,0.2087162057133311
SG_001590,0.24151571623442186
SG_001591,0.1281583741326336
SG_001592,0.11242887009564634
SG_001595,0.13573223755481967
SG_001601,0.18946049714638574
SG_001604,0.20302083331744014
SG_001609,0.20548172882248722
SG_001610,0.24910156083047988
SG_001612,0.16416181682043923
SG_001613,0.16015292747873455
SG_001615,0.15354901638636423
SG_001623,0.16471483528016642
SG_001624,0.16693068799352054
SG_001631,0.19266508906182994
SG_001634,0.1936300445829287
SG_001636,0.26333217076298543
SG_001638,0.24477939835217294
SG_001647,0.16511237003445214
SG_001650,0.19707241059067593
SG_001653,0.20704607817109993
SG_001654,0.2182404089216911
SG_001658,0.21272503875224152
SG_001663,0.18048369940013975
SG_001667,0.1280716596585314
SG_001668,0.15119130749174883
SG_001670,0.10717992681759916
SG_001683,0.11573868127953704
SG_001686,0.21073210256420993
SG_001688,0.15484622719355867
SG_001689,0.12737219019183613
SG_001698,0.17141209740147711
SG_001704,0.1837550786990325
SG_001711,0.18306461149977063
SG_001719,0.15924222152639628
SG_001720,0.12682006033930565
SG_001723,0.18740185276931545
SG_001726,0.190636666366811
SG_001728,0.13254414642856538
SG_001731,0.1280716596585314
SG_001733,0.1843774041597402
SG_001734,0.1401882079917174
SG_001735,0.1953265123004732
SG_001737,0.19838063836583816
SG_001738,0.16787172350704432
SG_001739,0.1983055678367561
SG_001740,0.2526645758149958
SG_001744,0.20355216649664573
SG_001745,0.17684314343101312
SG_001750,0.15238791596111212
SG_001751,0.16423912856505757
SG_001761,0.18875340525481027
SG_001767,0.1609959567083176
SG_001768,0.17235350737415317
SG_001769,0.2104050240585653
SG_001776,0.2530108755553371
SG_001786,0.1242754394319802
SG_001788,0.19872340222750612
SG_001789,0.17866239918609692
SG_001790,0.1383577704079976
SG_001791,0.19966927261571701
SG_001792,0.1870354275616579
SG_001793,0.1416100312256113
SG_001796,0.14549969684866595
SG_001797,0.12003804971651455
SG_001803,0.1720218733590875
SG_001804,0.1280716596585314
SG_001806,0.1556126983179266
SG_001811,0.1707337069262399
SG_001815,0.1926010592927934
SG_001819,0.14004456095497822
SG_001824,0.16427109178352506
SG_001825,0.20948640528653056
SG_001827,0.26876779918177984
SG_001830,0.15483433040869846
SG_001831,0.1368154691415966
SG_001833,0.1742388142621929
SG_001836,0.14770090293654045
SG_001844,0.1779715441606049
SG_001846,0.13420820500675315
SG_001847,0.15006757799354864
SG_001848,0.19878139012853666
SG_001849,0.2099629559485679
SG_001851,0.13474993664594953
SG_001858,0.17158161270927735
SG_001860,0.14733906656072507
SG_001862,0.24744027589791495
SG_001864,0.11297564836304831
SG_001865,0.15371618961133746
SG_001867,0.14722838921118228
SG_001872,0.11037476404852285
SG_001876,0.14455556264510672
SG_001877,0.2530108755553371
SG_001883,0.2061203710399194
SG_001884,0.18306368726254438
SG_001885,0.13177361149763517
SG_001886,0.25020034919980433
SG_001888,0.15161388871406487
SG_001890,0.12868348412392677
SG_001892,0.1765891409302895
SG_001893,0.20095398404825726
SG_001894,0.15247306516039053
SG_001895,0.2504036701820488
SG_001897,0.19465374106997227
SG_001901,0.20271543178420784
SG_001903,0.18272291824681158
SG_001904,0.11180387962970459
SG_001906,0.16644847067968874
SG_001909,0.1833289073926368
SG_001912,0.15094860123647394
SG_001914,0.15153697530092575
SG_001915,0.14830045689190854
SG_001919,0.1970878228899767
SG_001924,0.13420820500675315
SG_001925,0.13879623734060262
SG_001928,0.22484497887460794
SG_001930,0.16190108315492252
SG_001932,0.14014769022485818
SG_001933,0.14400455349976768
SG_001934,0.13879623734060262
SG_001936,0.11297564836304831
SG_001947,0.1521941807896888
SG_001953,0.17374397988097798
SG_001954,0.11362903095718259
SG_001955,0.18737536952960163
SG_001963,0.20628872580794924
SG_001971,0.15334127003055503
SG_001975,0.16898943885731227
SG_001976,0.13657663251866162
SG_001977,0.21323567683752936
SG_001980,0.16745156491120472
SG_001981,0.1280716596585314
SG_001982,0.15555483121422983
SG_001990,0.14984384762751732
SG_001999,0.13254414642856538
SG_002000,0.1982547150411307
SG_002002,0.20792166011256585
SG_002004,0.1450922156157435
SG_002008,0.24036630301565584
SG_002009,0.15803601813844476
SG_002016,0.18853812099047504
SG_002021,0.1791910109596246
SG_002024,0.1816863906243842
SG_002027,0.1852001634165524
SG_002037,0.20266412623738694
SG_002038,0.18096695432050416
SG_002039,0.16644847067968874
SG_002044,0.16251319648423668
SG_002045,0.14069619236716274
SG_002048,0.1275141822221998
SG_002050,0.25064344092279256
SG_002052,0.17826632966051073
SG_002063,0.16496058103663636
SG_002067,0.2504036701820488
SG_002068,0.14954234899552027
SG_002069,0.1633385792610598
SG_002074,0.13177361149763517
SG_002075,0.1902285828837304
SG_002078,0.12986652392950637
SG_002081,0.15527534711667293
SG_002090,0.23321593679605992
SG_002097,0.24744027589791495
SG_002103,0.22105859247148316
SG_002105,0.1823460058050558
SG_002110,0.1424549410676173
SG_002122,0.15022497824559375
SG_002123,0.14243149739247282
SG_002125,0.24293701481313462
SG_002129,0.25020034919980433
SG_002131,0.19732270933870544
SG_002137,0.1450703911354027
SG_002142,0.1666735082443708
SG_002150,0.15555834370291402
SG_002151,0.2150065277887736
SG_002152,0.18107593008098286
SG_002166,0.12701501690714098
SG_002171,0.1248762571014708
SG_002172,0.17084174576707092
SG_002176,0.138068444031022
SG_002177,0.24477939835217294
SG_002181,0.1962425934869517
SG_002184,0.13177361149763517
SG_002185,0.27692604800068205
SG_002186,0.1396772441941993
SG_002191,0.14971228898993463
SG_002192,0.24350275844243163
SG_002194,0.14407149384121837
SG_002200,0.12219294757144536
SG_002209,0.19423227290749942
SG_002213,0.12701501690714098
SG_002220,0.11154007478003775
SG_002223,0.13254414642856538
SG_002227,0.13994907047555852
SG_002228,0.16408366073205016
SG_002233,0.18561898023536025
SG_002241,0.18686579090121838
SG_002248,0.24319544317939124
SG_002251,0.14004456095497822
SG_002252,0.20111126811795463
SG_002254,0.1945963148563082
SG_002255,0.21709288683057185
SG_002260,0.18875340525481027
SG_002262,0.16186303589126572
SG_002263,0.18395502482648024
SG_002266,0.14903280678989378
SG_002270,0.13500107074832066
SG_002277,0.17826632966051073
SG_002278,0.13349381897608667
SG_002280,0.19078608365664604
SG_002281,0.14399567952595108
SG_002283,0.15255802621533895
SG_002284,0.2031156613444316
SG_002286,0.1424549410676173
SG_002288,0.15256050957679151
SG_002291,0.19021859252322687
SG_002292,0.14812631332366938
SG_002294,0.18911164940658
SG_002296,0.22952335315381267
SG_002298,0.17361238514957422
SG_002301,0.1338924540056041
SG_002304,0.19326438704363902
SG_002311,0.20464596422542872
SG_002319,0.2530108755553371
SG_002320,0.14831566301598698
SG_002322,0.15481749703408884
SG_002324,0.15179143636605338
SG_002328,0.20740834061319305
SG_002332,0.16575541707932578
SG_002341,0.2530108755553371
SG_002346,0.12701501690714098
SG_002347,0.2712202155356471
SG_002352,0.16787172350704432
SG_002357,0.17066620846448102
SG_002361,0.17046024826935346
SG_002370,0.1280716596585314
SG_002371,0.15224089614894792
SG_002372,0.1507295071277607
SG_002373,0.15481601902720987
SG_002374,0.14400455349976768
SG_002375,0.1555835560163887
SG_002381,0.12420271914305406
SG_002385,0.13239476143417359
SG_002387,0.1552795871670841
SG_002390,0.2039116876042847
SG_002391,0.1280716596585314
SG_002392,0.11242887009564634
SG_002394,0.22376899521820184
SG_002396,0.16943395836157343
SG_002401,0.12868348412392677
SG_002402,0.15354901638636423
SG_002404,0.20768789314498373
SG_002407,0.1947791875492354
SG_002410,0.11297564836304831
SG_002419,0.2404588516464657
SG_002421,0.16523692837756143
SG_002422,0.17756450427588957
SG_002423,0.2487714592514146
SG_002429,0.1633385792610598
SG_002430,0.16538322819485657
SG_002434,0.26166384914578633
SG_002437,0.16149526079224064
SG_002442,0.13254414642856538
SG_002444,0.10961813828972812
SG_002447,0.13049124862061703
SG_002448,0.14037514302106932
SG_002450,0.19392409587561946
SG_002453,0.11131062664277827
SG_002454,0.15849802714171238
SG_002455,0.2257821320066315
SG_002456,0.257666768194569
SG_002458,0.17503862576214826
SG_002459,0.14429480995612043
SG_002460,0.24477939835217294
SG_002462,0.1730686986890052
SG_002464,0.16062833484094702
SG_002466,0.1904993954411755
SG_002475,0.18107593008098286
SG_002477,0.18152768135997718
SG_002479,0.15418130644614278
SG_002482,0.1775177609183199
SG_002483,0.21041269143879138
SG_002486,0.25009496066763703
SG_002490,0.23439266657783425
SG_002493,0.16445546192469962
SG_002495,0.17384727854398968
SG_002498,0.14687821493514577
SG_002500,0.249566285524698
SG_002502,0.12701501690714098
SG_002507,0.1349866634198667
SG_002509,0.16706094909904862
SG_002517,0.24800323782079528
SG_002520,0.14971228898993463
SG_002522,0.15562460102598713
SG_002526,0.12868348412392677
SG_002529,0.13691483873455976
SG_002532,0.136204721046351
SG_002539,0.13418650350654918
SG_002541,0.13254414642856538
SG_002544,0.14873760809714662
SG_002545,0.14005248430124403
SG_002546,0.15256050957679151
SG_002548,0.18376863011440905
SG_002555,0.20603391616326067
SG_002559,0.15199747866051708
SG_002568,0.14058518763651745
SG_002572,0.2530108755553371
SG_002573,0.13216722197733952
SG_002577,0.18298980930434358
SG_002580,0.16721539610683755
SG_002583,0.1864340224845474
SG_002586,0.1424549410676173
SG_002587,0.2060261060616453
SG_002588,0.16627662835335436
SG_002594,0.14612034740159047
SG_002596,0.10717992681759916
SG_002597,0.11871749295112072
SG_002599,0.17578676752332492
SG_002600,0.1426100217116011
SG_002601,0.10717992681759916
SG_002605,0.18001577363323001
SG_002613,0.17346320998765624
SG_002615,0.16671085384241463
SG_002618,0.15400974480210433
SG_002622,0.16502873061108284
SG_002627,0.1601537460986051
SG_002628,0.23189726858852397
SG_002630,0.11081049018094473
SG_002633,0.15327595186364634
SG_002638,0.11131062664277827
SG_002649,0.20383087052889648
SG_002650,0.15187040936156576
SG_002652,0.13420820500675315
SG_002653,0.18306611288428296
SG_002654,0.13254414642856538
SG_002657,0.13420820500675315
SG_002664,0.14605483707656888
SG_002665,0.10717992681759916
SG_002666,0.14794488825784013
SG_002667,0.17995881105877493
SG_002672,0.18424429470579481
SG_002673,0.18750652110676116
SG_002674,0.19940416630922037
SG_002675,0.14558079293114481
SG_002680,0.2205207071978602
SG_002684,0.2530108755553371
SG_002688,0.1687584827328527
SG_002689,0.13254414642856538
SG_002691,0.13403948106627062
SG_002693,0.23282031920654225
SG_002699,0.17609576050141018
SG_002701,0.19100779928920095
SG_002705,0.16684318246734922
SG_002720,0.11242887009564634
SG_002731,0.18281604524270273
SG_002733,0.156412023617022
SG_002735,0.2510632562117078
SG_002736,0.1748048057392201
SG_002738,0.14906106713855835
SG_002742,0.16466721896257386
SG_002746,0.15518714223740887
SG_002748,0.11242887009564634
SG_002752,0.13254414642856538
SG_002755,0.15169824725799058
SG_002757,0.15545048812860326
SG_002759,0.1531817460690694
SG_002767,0.1723469132929345
SG_002770,0.18398609474224023
SG_002773,0.1701955502237259
SG_002777,0.203871364211704
SG_002782,0.14241536582940423
SG_002783,0.11180387962970459
SG_002785,0.1583489930965693
SG_002788,0.1934256366616303
SG_002789,0.19345327168284407
SG_002793,0.17950862441461202
SG_002796,0.13420820500675315
SG_002798,0.25009496066763703
SG_002809,0.2504036701820488
SG_002814,0.1928074683894835
SG_002820,0.22198729612249676
SG_002825,0.19550092560036816
SG_002827,0.13420820500675315
SG_002829,0.27083313497307576
SG_002832,0.2674136313952825
SG_002834,0.15022497824559375
SG_002840,0.15130016695546547
SG_002842,0.1663949493324271
SG_002843,0.16183083216215344
SG_002849,0.24726420895567403
SG_002850,0.14612034740159047
SG_002853,0.15421119122320448
SG_002875,0.15803601813844476
SG_002882,0.2530108755553371
SG_002887,0.25216770510522646
SG_002891,0.2033469767986495
SG_002896,0.1408469137099434
SG_002904,0.14315270902185503
SG_002906,0.17968422750163893
SG_002907,0.17176954769747252
SG_002910,0.22796631904971854
SG_002918,0.16338270979855146
SG_002926,0.15119130749174883
SG_002930,0.14251397098180008
SG_002932,0.13332346205819426
SG_002937,0.16539989496524385
SG_002939,0.17826632966051073
SG_002943,0.11242887009564634
SG_002944,0.14707312269184358
SG_002947,0.13254414642856538
SG_002949,0.16082137447965505
SG_002950,0.13264438756949218
SG_002952,0.1522487475736628
SG_002954,0.1875463279365154
SG_002955,0.16901543484150588
SG_002958,0.17502704634737748
SG_002960,0.1661309363032212
SG_002964,0.17190412475046943
SG_002967,0.2096065040546421
SG_002972,0.22637206241538962
SG_002982,0.28476062880044833
SG_002985,0.20662725550338687
SG_002989,0.17468397746110956
SG_002999,0.1424549410676173
SG_003002,0.20173644475199498
SG_003008,0.15135310474496771
SG_003023,0.14037514302106932
SG_003024,0.13609390251612652
SG_003026,0.18740122599781756
SG_003028,0.17925425978777956
SG_003030,0.1760982458238914
SG_003031,0.18405501380103853
SG_003037,0.13421696533675015
SG_003042,0.13335793847423058
SG_003043,0.13654284311296663
SG_003044,0.18875340525481027
SG_003045,0.15073940944628406
SG_003048,0.19062619973157824
SG_003049,0.11242887009564634
SG_003051,0.15161388871406487
SG_003052,0.15308696220401782
SG_003059,0.21527319907080925
SG_003062,0.139611014189142
SG_003065,0.15335216394617052
SG_003067,0.10859277433984935
SG_003071,0.14227060305078704
SG_003072,0.17757489174115734
SG_003073,0.23118630304436985
SG_003075,0.1812128066212352
SG_003080,0.1280716596585314
SG_003082,0.16174892001659902
SG_003084,0.15146618842830745
SG_003085,0.15396710089796994
SG_003088,0.18332509782338183
SG_003089,0.16160536326018576
SG_003096,0.1580847674837124
SG_003097,0.16258684628819184
SG_003102,0.14651593915528363
SG_003105,0.20915845219084916
SG_003107,0.1303951952796257
SG_003111,0.15602945781122912
SG_003116,0.15130016695546547
SG_003118,0.13420820500675315
SG_003125,0.1275141822221998
SG_003127,0.1722353509076005
SG_003133,0.20599403201003744
SG_003135,0.1702316652608524
SG_003137,0.16403559073762716
SG_003138,0.13254414642856538
SG_003139,0.2137443663329583
SG_003141,0.19681058804427615
SG_003144,0.18325384890265783
SG_003151,0.20638766498619213
SG_003154,0.16985670565328276
SG_003158,0.2530108755553371
SG_003160,0.1280716596585314
SG_003164,0.17401454973504485
SG_003168,0.15657313311268414
SG_003169,0.13177361149763517
SG_003174,0.13335793847423058
SG_003179,0.1777492151320861
SG_003184,0.1812128066212352
SG_003186,0.17136954066549878
SG_003193,0.25779212301438387
SG_003196,0.14926045254547396
SG_003198,0.21433845472306137
SG_003201,0.18504079978001345
SG_003204,0.23527793528683955
SG_003205,0.1823460058050558
SG_003206,0.14116117273714826
SG_003211,0.20225360771247541
SG_003214,0.16715183815388032
SG_003215,0.16352712781569764
SG_003216,0.1548672718081699
SG_003217,0.15628050246887237
SG_003219,0.1510066728357864
SG_003226,0.18853812099047504
SG_003227,0.14862005049676522
SG_003230,0.19231082954003945
SG_003231,0.18272291824681158
SG_003232,0.13254414642856538
SG_003234,0.16338270979855146
SG_003239,0.158991837748303
SG_003241,0.11362903095718259
SG_003243,0.18272291824681158
SG_003250,0.1398676616033693
SG_003253,0.19995644334784032
SG_003256,0.14327347850969638
SG_003259,0.19328511044432348
SG_003266,0.18272291824681158
SG_003272,0.1864830575924162
SG_003273,0.13254414642856538
SG_003281,0.1280716596585314
SG_003284,0.16560429478092226
SG_003288,0.12219294757144536
SG_003293,0.15529322678411608
SG_003294,0.196664429653536
SG_003295,0.158991837748303
SG_003296,0.13693309017537966
SG_003301,0.1513817268093274
SG_003304,0.17462871615379386
SG_003305,0.1851848259898545
SG_003307,0.1978353919512606
SG_003310,0.20055352536924692
SG_003314,0.17397705909940347
SG_003321,0.14106932534954564
SG_003325,0.1465107419987883
SG_003328,0.249566285524698
SG_003331,0.17790133959100907
SG_003332,0.19097743932924413
SG_003333,0.1670706181205891
SG_003340,0.1656986264026519
SG_003341,0.1759861155632675
SG_003342,0.18547691296447805
SG_003349,0.18302041507747036
SG_003355,0.13657663251866162
SG_003357,0.26324019197999415
SG_003361,0.14583273637232458
SG_003370,0.21429395603619456
SG_003371,0.1529234098440721
SG_003373,0.16021109211516246
SG_003374,0.24695732845718368
SG_003379,0.1781311945142349
SG_003388,0.1237762608145903
SG_003389,0.17407057778200383
SG_003390,0.1543105775459085
SG_003391,0.21912471754706708
SG_003392,0.1613091909563206
SG_003393,0.24691852431537312
SG_003397,0.15851370365185372
SG_003398,0.13378885860053355
SG_003399,0.13420820500675315
SG_003402,0.2731290707985217
SG_003404,0.1397799779052449
SG_003407,0.12219294757144536
SG_003408,0.14400455349976768
SG_003422,0.13199387250085473
SG_003426,0.18075211476455522
SG_003430,0.16020394829206977
SG_003434,0.11131062664277827
SG_003437,0.18272291824681158
SG_003439,0.13177361149763517
SG_003440,0.14039175869152956
SG_003441,0.11131062664277827
SG_003444,0.2087465764162285
SG_003447,0.18642657512244484
SG_003452,0.11131062664277827
SG_003453,0.2530108755553371
SG_003464,0.20203820990284446
SG_003469,0.12868348412392677
SG_003475,0.1608087587278106
SG_003477,0.1742820890607591
SG_003479,0.13420820500675315
SG_003480,0.15348924980067993
SG_003482,0.2532999937127676
SG_003483,0.2530108755553371
SG_003485,0.13254414642856538
SG_003486,0.24800323782079528
SG_003489,0.10717992681759916
SG_003491,0.12701501690714098
SG_003492,0.11154007478003775
SG_003493,0.1424549410676173
SG_003501,0.17792616181754856
SG_003505,0.16853904704913505
SG_003509,0.11297564836304831
SG_003517,0.14505036309977073
SG_003521,0.1650995978580633
SG_003526,0.16109584096784238
SG_003528,0.15631157691421393
SG_003532,0.13335793847423058
SG_003535,0.12219294757144536
SG_003538,0.2649458481375028
SG_003541,0.1280716596585314
SG_003545,0.11791725570629712
SG_003548,0.15594507821933912
SG_003549,0.1902149983149276
SG_003554,0.1280716596585314
SG_003557,0.24800629823162337
SG_003566,0.19864232989007286
SG_003568,0.13254414642856538
SG_003572,0.1715565939941947
SG_003575,0.21312122556118798
SG_003578,0.14174434168882766
SG_003584,0.19454753877540054
SG_003585,0.1511420362884616
SG_003588,0.1902354347796408
SG_003589,0.15481749703408884
SG_003594,0.14855165569683085
SG_003597,0.19933946656244292
SG_003598,0.16585285023841162
SG_003601,0.19536902642594145
SG_003603,0.21108168513509082
SG_003610,0.18194842540738404
SG_003611,0.15209049662520494
SG_003613,0.1940989346113347
SG_003618,0.13648250531491757
SG_003619,0.16282031431561983
SG_003620,0.15344936917894417
SG_003625,0.2505648427034738
SG_003627,0.12701501690714098
SG_003628,0.1531817460690694
SG_003629,0.13131079601339424
SG_003637,0.24349368675883665
SG_003648,0.13241337395636804
SG_003650,0.12868348412392677
SG_003666,0.16520002929965064
SG_003668,0.23587458123483487
SG_003670,0.1582074018010423
SG_003671,0.1280716596585314
SG_003689,0.13420820500675315
SG_003691,0.1491014350290867
SG_003699,0.20461652692802146
SG_003702,0.17839705454498161
SG_003704,0.14573838023153013
SG_003705,0.19285833128723007
SG_003706,0.16510484765134187
SG_003708,0.11297564836304831
SG_003710,0.1420813537111609
SG_003711,0.15881101372358727
SG_003714,0.18856717315365526
SG_003715,0.2137216856065045
SG_003722,0.18562430721228299
SG_003745,0.18573287747160983
SG_003746,0.1287705332573329
SG_003751,0.10859277433984935
SG_003754,0.16945344246490318
SG_003757,0.14488481320979027
SG_003758,0.2426809800427469
SG_003765,0.14543209545452337
SG_003767,0.13580925671610564
SG_003768,0.136204721046351
SG_003769,0.1389578850682163
SG_003777,0.18975364064572048
SG_003783,0.1280716596585314
SG_003786,0.15187040936156576
SG_003787,0.15247306516039053
SG_003788,0.15530155558545797
SG_003792,0.1280716596585314
SG_003795,0.15880991545041587
SG_003806,0.19955387089750637
SG_003807,0.19561893102834757
SG_003809,0.16482507464323642
SG_003810,0.13254414642856538
SG_003812,0.2267564667836702
SG_003820,0.1698518995372058
SG_003822,0.18980495509484138
SG_003829,0.18603728636728528
SG_003835,0.12219294757144536
SG_003843,0.193063049937563
SG_003844,0.1914131304456597
SG_003851,0.12645569937128545
SG_003852,0.17884175234989386
SG_003856,0.17780224984724075
SG_003860,0.1616196429927917
SG_003863,0.16159285273711083
SG_003865,0.16677640960071713
SG_003868,0.21480915036210257
SG_003869,0.12682006033930565
SG_003874,0.15018046756118283
SG_003878,0.24901937909758584
SG_003880,0.13420820500675315
SG_003881,0.16095171794974764
SG_003886,0.14954234899552027
SG_003896,0.15230227817567032
SG_003904,0.173172207401167
SG_003905,0.24577131107517858
SG_003906,0.13729815222764763
SG_003907,0.16757829965256768
SG_003908,0.15155830412237709
SG_003910,0.16294133352157508
SG_003917,0.1710422970670786
SG_003919,0.21478293459634715
SG_003920,0.16384488389641724
SG_003921,0.1237762608145903
SG_003922,0.19037790959689344
SG_003925,0.11242887009564634
SG_003926,0.19773000894307863
SG_003935,0.12701501690714098
SG_003937,0.1330571202381867
SG_003940,0.16179159643211327
SG_003941,0.14056285274355462
SG_003945,0.21212643937511558
SG_003951,0.19245700289972803
SG_003958,0.12219294757144536
SG_003959,0.1280716596585314
SG_003961,0.20702206674445206
SG_003966,0.18766373164649658
SG_003967,0.15390550342158313
SG_003969,0.1872918958301452
SG_003972,0.16349040152244584
SG_003977,0.17645225063976674
SG_003978,0.1373487980782752
SG_003979,0.18300452717302232
SG_003988,0.16216573704489018
SG_003992,0.22991997812553674
SG_003994,0.15286295748658
SG_003995,0.1577166658569748
SG_004001,0.16879077383192365
SG_004002,0.14926045254547396
SG_004011,0.1391210214219195
SG_004012,0.1844163670323619
SG_004016,0.249566285524698
SG_004019,0.15411040991350716
SG_004034,0.15457510648417006
SG_004036,0.14400455349976768
SG_004041,0.21615931260940935
SG_004042,0.15837743043634728
SG_004045,0.12701501690714098
SG_004048,0.2491467964584379
SG_004049,0.12219294757144536
SG_004050,0.1988703861326969
SG_004054,0.22628202317099172
SG_004060,0.1906461674373522
SG_004063,0.17462871615379386
SG_004064,0.16270815237492775
SG_004065,0.24800323782079528
SG_004066,0.13290577650403373
SG_004071,0.1280716596585314
SG_004074,0.1237762608145903
SG_004078,0.15677819891045147
SG_004079,0.13332346205819426
SG_004080,0.12868348412392677
SG_004081,0.19144350025177126
SG_004083,0.19061073920265015
SG_004087,0.13290577650403373
SG_004089,0.15677819891045147
SG_004091,0.11131062664277827
SG_004093,0.16020999514440717
SG_004094,0.22368078807302993
SG_004100,0.15901100808981924
SG_004107,0.14583217265532697
SG_004109,0.13081288012571773
SG_004110,0.16396913917080988
SG_004111,0.17093204783350788
SG_004123,0.1280716596585314
SG_004126,0.1611164619169087
SG_004127,0.12737219019183613
SG_004129,0.13584449387177508
SG_004130,0.1487802382857938
SG_004131,0.15430857110323865
SG_004136,0.15513562371580136
SG_004140,0.15976262284711926
SG_004149,0.12944063129594055
SG_004152,0.18612934846431042
SG_004155,0.20098022668701213
SG_004157,0.13254414642856538
SG_004163,0.1884132464050007
SG_004164,0.15001008988946457
SG_004168,0.2021170187780314
SG_004170,0.18107593008098286
SG_004171,0.16269855081858386
SG_004174,0.12737219019183613
SG_004175,0.18022930617400196
SG_004178,0.15089940480964745
SG_004181,0.1833743492429907
SG_004184,0.24800323782079528
SG_004186,0.14141352412758748
SG_004187,0.18365390638050713
SG_004191,0.13843604075236768
SG_004192,0.24800323782079528
SG_004197,0.1683679445661418
SG_004201,0.15438253473140182
SG_004204,0.19983367604861302
SG_004207,0.21450435269266438
SG_004209,0.26324019197999415
SG_004214,0.25582071743115087
SG_004218,0.15564606787828122
SG_004220,0.13994907047555852
SG_004223,0.13526873917395416
SG_004224,0.1742662261324393
SG_004225,0.1734684168482245
SG_004228,0.16406815739044392
SG_004229,0.13333575910929413
SG_004230,0.15173615290241724
SG_004235,0.11362903095718259
SG_004238,0.16106467427367763
SG_004239,0.25593870010616404
SG_004244,0.2137443663329583
SG_004253,0.18772064823018444
SG_004256,0.1741006699948409
SG_004257,0.14645436767372166
SG_004258,0.1583489930965693
SG_004262,0.22133090299152264
SG_004263,0.13254414642856538
SG_004265,0.13729815222764763
SG_004268,0.15227153183991418
SG_004269,0.21769550669895105
SG_004271,0.14056988146721072
SG_004286,0.1871607294481589
SG_004289,0.16193444175192498
SG_004290,0.14733906656072507
SG_004291,0.18593228480172436
SG_004297,0.15739639438651318
SG_004300,0.19832573484870036
SG_004302,0.2124770069903303
SG_004305,0.19095125165674398
SG_004306,0.2745983802512608
SG_004312,0.22068605420399848
SG_004313,0.1280716596585314
SG_004315,0.203351952253346
SG_004320,0.16124140235396975
SG_004321,0.22726733553296072
SG_004322,0.15803601813844476
SG_004325,0.1642185507360979
SG_004326,0.20788220376449626
SG_004339,0.15286295748658
SG_004342,0.176629589263461
SG_004347,0.16568060596063772
SG_004348,0.17909521721579413
SG_004349,0.249566285524698
SG_004350,0.21288348955323094
SG_004357,0.11037476404852285
SG_004358,0.19076050323999758
SG_004359,0.15344936917894417
SG_004362,0.1667606832504009
SG_004365,0.1535534179667111
SG_004368,0.21486404324437455
SG_004369,0.2001738911160934
SG_004370,0.1633079913501156
SG_004378,0.13994907047555852
SG_004379,0.15286295748658
SG_004388,0.19957097033963017
SG_004390,0.12737219019183613
SG_004391,0.1353312214420338
SG_004401,0.12682006033930565
SG_004404,0.27692604800068205
SG_004405,0.15286295748658
SG_004406,0.15130822921378043
SG_004408,0.13464251956467785
SG_004415,0.16009896228254486
SG_004417,0.10859277433984935
SG_004419,0.2090408040917812
SG_004420,0.2251261499573585
SG_004422,0.18810266245304455
SG_004423,0.14815885969120535
SG_004426,0.13125541864224718
SG_004427,0.13081288012571773
SG_004429,0.15876500758385337
SG_004432,0.13254414642856538
SG_004439,0.20297918963355827
SG_004445,0.15986658670243054
SG_004447,0.22343530837022424
SG_004448,0.1237762608145903
SG_004451,0.2467354936331545
SG_004457,0.16718155491552886
SG_004458,0.1242754394319802
SG_004460,0.17534319205856408
SG_004461,0.24901937909758584
SG_004462,0.10961813828972812
SG_004464,0.19074660720024594
SG_004465,0.1560329288953762
SG_004469,0.1280716596585314
SG_004474,0.16843410017589797
SG_004475,0.15973465027813277
SG_004476,0.15344936917894417
SG_004477,0.2162604889910309
SG_004480,0.22485941428248604
SG_004482,0.2149601400067234
SG_004484,0.18483263196824934
SG_004486,0.14264944794963294
SG_004494,0.263038922986286
SG_004504,0.15277384846737133
SG_004508,0.26819385234003074
SG_004509,0.25541821295148326
SG_004511,0.15616399139334672
SG_004514,0.18659038606490597
SG_004515,0.2241669630715248
SG_004518,0.15427389800355917
SG_004521,0.130860347119389
SG_004526,0.20157923435313793
SG_004530,0.19007782706044077
SG_004534,0.18281604524270273
SG_004536,0.1280716596585314
SG_004538,0.16260831532783346
SG_004539,0.17546906264935627
SG_004541,0.18327344962441822
SG_004549,0.16095171794974764
SG_004552,0.1699243421312079
SG_004553,0.17223999092400732
SG_004556,0.15511810750001123
SG_004559,0.13642263148168468
SG_004562,0.14692810609821438
SG_004565,0.17400629652956306
SG_004568,0.2426809800427469
SG_004576,0.14162530986520377
SG_004577,0.15238791596111212
SG_004593,0.23003367224836802
SG_004594,0.22028723314570464
SG_004600,0.21605336648971732
SG_004602,0.18472222053224122
SG_004608,0.1468241465207833
SG_004609,0.16568689555123797
SG_004612,0.13729815222764763
SG_004614,0.13254414642856538
SG_004617,0.14639724302785356
SG_004620,0.12682006033930565
SG_004623,0.15209049662520494
SG_004626,0.24800323782079528
SG_004631,0.18865870638250165
SG_004632,0.13608287063053068
SG_004633,0.18298472731093915
SG_004635,0.249566285524698
SG_004637,0.17176345446869923
SG_004638,0.1870420842649527
SG_004641,0.18633056002378698
SG_004645,0.1862888448609546
SG_004652,0.14315270902185503
SG_004653,0.13254414642856538
SG_004655,0.24800323782079528
SG_004656,0.2047499139887817
SG_004658,0.14954234899552027
SG_004659,0.15209049662520494
SG_004662,0.16403133934187114
SG_004664,0.13177361149763517
SG_004668,0.16787172350704432
SG_004669,0.17419532184825434
SG_004672,0.19938254594957608
SG_004676,0.16433380653347768
SG_004682,0.14614429477501628
SG_004685,0.249566285524698
SG_004689,0.16232172396000039
SG_004695,0.17618436715323066
SG_004697,0.1515643250956112
SG_004700,0.18421357213321482
SG_004701,0.2530108755553371
SG_004709,0.15806141611162233
SG_004710,0.11791725570629712
SG_004712,0.15631721666827905
SG_004716,0.19012253848661606
SG_004720,0.12812078608708685
SG_004721,0.18681061913999572
SG_004723,0.14906106713855835
SG_004731,0.249566285524698
SG_004736,0.20241543533815665
SG_004737,0.13994907047555852
SG_004738,0.1438441339817453
SG_004739,0.19622527386040403
SG_004742,0.17263137491507743
SG_004751,0.19173687427379293
SG_004753,0.12492489965272276
SG_004755,0.16709438742546812
SG_004757,0.1561950733811009
SG_004760,0.1280716596585314
SG_004761,0.1280716596585314
SG_004762,0.11154007478003775
SG_004763,0.19186036836156642
SG_004764,0.20263633372810352
SG_004766,0.18596159855393277
SG_004769,0.1280716596585314
SG_004772,0.14037514302106932
SG_004773,0.1611448467842447
SG_004782,0.1280716596585314
SG_004784,0.20439350697280026
SG_004786,0.18810909783549423
SG_004787,0.13819862423683318
SG_004789,0.10717992681759916
SG_004797,0.16913266378696784
SG_004798,0.15481749703408884
SG_004799,0.24293701481313462
SG_004801,0.24319544317939124
SG_004804,0.24800323782079528
SG_004813,0.15212818408664394
SG_004816,0.2530108755553371
SG_004817,0.13254414642856538
SG_004818,0.1519181200113609
SG_004821,0.15312121004857507
SG_004827,0.17610211616921254
SG_004828,0.16777578447004673
SG_004829,0.19032882247352817
SG_004830,0.24484629256626086
SG_004831,0.18226429382197892
SG_004836,0.14188951252579535
SG_004840,0.14583273637232458
SG_004842,0.11791725570629712
SG_004844,0.16381049534887726
SG_004846,0.21150468865691163
SG_004853,0.16439880046414496
SG_004855,0.17826385526963373
SG_004856,0.16996779225790745
SG_004866,0.12936108830996965
SG_004867,0.11180387962970459
SG_004868,0.2649458481375028
SG_004873,0.1741107082298735
SG_004877,0.17321308170437025
SG_004881,0.15085565174699214
SG_004882,0.18149218880131274
SG_004887,0.18409656011544986
SG_004898,0.2530108755553371
SG_004900,0.18745918313034154
SG_004906,0.2491467964584379
SG_004907,0.24497198827190733
SG_004912,0.19272103141234223
SG_004913,0.13493655763931287
SG_004919,0.14862005049676522
SG_004922,0.25009496066763703
SG_004923,0.16753545491563218
SG_004925,0.14197388814325923
SG_004927,0.13254414642856538
SG_004929,0.24227669201355073
SG_004930,0.25009496066763703
SG_004939,0.16976853655264013
SG_004942,0.12441364995307773
SG_004944,0.13657663251866162
SG_004945,0.15348924980067993
SG_004959,0.14807145433189056
SG_004960,0.18105501235078733
SG_004964,0.15435194093931245
SG_004968,0.21920534935095626
SG_004969,0.158991837748303
SG_004973,0.21408092456664826
SG_004975,0.24734862627314086
SG_004981,0.17194696884477859
SG_004985,0.25173981760395525
SG_004988,0.158991837748303
SG_004990,0.17258192635468822
SG_004993,0.1280716596585314
SG_004997,0.12682006033930565
SG_005000,0.14368194901968487
SG_005002,0.25550620742288344
SG_005004,0.25310667056325753
SG_005011,0.14025122688451955
SG_005013,0.142419003540857
SG_005018,0.15481749703408884
SG_005019,0.13254414642856538
SG_005020,0.15199747866051708
SG_005022,0.1237762608145903
SG_005027,0.1558729383003198
SG_005029,0.11180387962970459
SG_005030,0.13987921116425892
SG_005031,0.16068155791747712
SG_005033,0.1257568287014019
SG_005037,0.14103704282717341
SG_005041,0.14281883310236368
SG_005048,0.18118131988032415
SG_005049,0.1931062904358989
SG_005052,0.16486766310543913
SG_005057,0.16885950360380808
SG_005058,0.14888162793261278
SG_005062,0.24800323782079528
SG_005080,0.1280716596585314
SG_005085,0.12682006033930565
SG_005086,0.18350266218707934
SG_005089,0.19797679828220405
SG_005090,0.14117435636365006
SG_005091,0.2530108755553371
SG_005094,0.20730358657864717
SG_005097,0.22509738837268514
SG_005098,0.1585512412031954
SG_005100,0.22424616017926838
SG_005101,0.2084366005993819
SG_005102,0.24477939835217294
SG_005108,0.19144350025177126
SG_005110,0.2530108755553371
SG_005114,0.2426809800427469
SG_005120,0.2426809800427469
SG_005122,0.15803601813844476
SG_005123,0.19396425066176853
SG_005126,0.20276249377857683
SG_005131,0.1280716596585314
SG_005132,0.10717992681759916
SG_005134,0.13254414642856538
SG_005137,0.13177361149763517
SG_005140,0.1709009902166351
SG_005141,0.2123506283309287
SG_005142,0.18298472731093915
SG_005143,0.11154007478003775
SG_005148,0.15371618961133746
SG_005161,0.2281548602229446
SG_005168,0.20333270996559447
SG_005170,0.13715345545044738
SG_005171,0.14827796622628803
SG_005174,0.15724979266188313
SG_005175,0.15062677205076494
SG_005178,0.18511057315544951
SG_005179,0.10717992681759916
SG_005188,0.18322890588821478
SG_005190,0.1958494808725519
SG_005191,0.1280716596585314
SG_005194,0.2519672284646106
SG_005196,0.13420820500675315
SG_005199,0.15417520040341384
SG_005200,0.13254414642856538
SG_005203,0.1985383899938173
SG_005205,0.183627132311331
SG_005213,0.15373805308252195
SG_005214,0.228880787425068
SG_005216,0.24293701481313462
SG_005220,0.1653139605764837
SG_005224,0.1556043484915115
SG_005228,0.17718951001548364
SG_005233,0.1511420362884616
SG_005235,0.17225915565023942
SG_005240,0.10961813828972812
SG_005241,0.19559020391355617
SG_005246,0.19635675710163988
SG_005247,0.13987941717278485
SG_005248,0.15037696543315113
SG_005250,0.19443133454899456
SG_005251,0.15555834370291402
SG_005253,0.14343620938723223
SG_005255,0.15286295748658
SG_005264,0.15547792292208187
SG_005268,0.10994149420047783
SG_005270,0.17943346345434352
SG_005277,0.249566285524698
SG_005282,0.13608287063053068
SG_005283,0.1981109858042931
SG_005284,0.15732035100309918
SG_005287,0.18604889782867617
SG_005289,0.1638272333444027
SG_005291,0.25009496066763703
SG_005292,0.12701501690714098
SG_005296,0.10859277433984935
SG_005302,0.15926614066027053
SG_005305,0.14642988188190928
SG_005311,0.17749259817530064
SG_005312,0.16687685417440906
SG_005313,0.16430037874117515
SG_005316,0.14188951252579535
SG_005320,0.2426809800427469
SG_005321,0.22240944780721064
SG_005322,0.18737536952960163
SG_005323,0.25020034919980433
SG_005325,0.1831183832253046
SG_005328,0.19202373864084435
SG_005329,0.17073030401838077
SG_005332,0.23395526664474434
SG_005333,0.19827665807499104
SG_005335,0.13843604075236768
SG_005340,0.16493014267184727
SG_005341,0.24560597804994888
SG_005346,0.263038922986286
SG_005350,0.3041428153991326
SG_005351,0.15199223130838732
SG_005353,0.10717992681759916
SG_005356,0.16182713330710283
SG_005360,0.18349681132395396
SG_005362,0.18848832523249165
SG_005363,0.12219294757144536
SG_005365,0.2111647584128892
SG_005371,0.15247306516039053
SG_005372,0.14883217341696311
SG_005376,0.23738060047387577
SG_005378,0.14400455349976768
SG_005379,0.12219294757144536
SG_005380,0.2530108755553371
SG_005384,0.21719289227703195
SG_005386,0.17740124584099232
SG_005387,0.22203239454772927
SG_005397,0.15381346594593087
SG_005401,0.15651160956039517
SG_005408,0.24477939835217294
SG_005412,0.13994907047555852
SG_005414,0.1805310928137787
SG_005421,0.19995582526795902
SG_005424,0.14056988146721072
SG_005428,0.2501478026560396
SG_005432,0.16968012324763015
SG_005439,0.249566285524698
SG_005444,0.13254414642856538
SG_005445,0.19211467401144064
SG_005446,0.1534475822108794
SG_005447,0.21310420027733848
SG_005449,0.17018783011632288
SG_005450,0.15742461309045985
SG_005451,0.2104500725860352
SG_005452,0.1280716596585314
SG_005456,0.15836335933649925
SG_005457,0.1549500917798057
SG_005459,0.11131062664277827
SG_005460,0.15117485881820286
SG_005465,0.2517726080916387
SG_005466,0.1871674889282426
SG_005470,0.24800323782079528
SG_005473,0.19161478606288257
SG_005477,0.200331563873477
SG_005486,0.16690325638632314
SG_005489,0.16106119624151358
SG_005491,0.2530108755553371
SG_005496,0.12701501690714098
SG_005497,0.20558095925021028
SG_005499,0.24785520183797008
SG_005503,0.15846551338827508
SG_005504,0.1533301214630992
SG_005506,0.16206204765296015
SG_005510,0.15022497824559375
SG_005511,0.26876779918177984
SG_005515,0.15884992017230803
SG_005518,0.18581944667497585
SG_005519,0.2347566568301858
SG_005524,0.20441841088331286
SG_005529,0.18571212920718025
SG_005530,0.15396710089796994
SG_005531,0.1653915087521514
SG_005532,0.14808767001580056
SG_005534,0.1422077018535381
SG_005535,0.16338270979855146
SG_005541,0.16214648884740618
SG_005542,0.17425433341488047
SG_005550,0.1322081187106841
SG_005555,0.1719625046966756
SG_005557,0.1512384175712343
SG_005565,0.15635107718468896
SG_005569,0.13420820500675315
SG_005572,0.1383577704079976
SG_005575,0.13254414642856538
SG_005579,0.249566285524698
SG_005580,0.15777611682468898
SG_005583,0.1280716596585314
SG_005591,0.19897505780412983
SG_005592,0.13935078892415786
SG_005593,0.1318382970886083
SG_005594,0.15487885984942557
SG_005599,0.18303884977206017
SG_005603,0.2240594014398855
SG_005606,0.16418724173211804
SG_005611,0.21172698638320436
SG_005615,0.2069750545186853
SG_005622,0.18971345845552978
SG_005625,0.17444105619607558
SG_005630,0.14900681292647788
SG_005634,0.20672607214305422
SG_005635,0.16014747593491496
SG_005636,0.25564383030152055
SG_005638,0.18797707507852285
SG_005640,0.16272285568810416
SG_005643,0.15842471193717705
SG_005644,0.1341713831110207
SG_005645,0.1397504282363341
SG_005650,0.2053692149349278
SG_005654,0.24800323782079528
SG_005655,0.1280716596585314
SG_005656,0.19694516392213707
SG_005661,0.22338048866859553
SG_005664,0.13254414642856538
SG_005666,0.18708060092626363
SG_005671,0.17017233761770306
SG_005681,0.16935843166936002
SG_005683,0.19513786182370185
SG_005687,0.18259302876639294
SG_005688,0.21264182695792908
SG_005691,0.1970878228899767
SG_005692,0.15419895192204996
SG_005693,0.19238662041837265
SG_005694,0.20948640528653056
SG_005696,0.18272291824681158
SG_005703,0.13420820500675315
SG_005704,0.17360368763468162
SG_005706,0.2734762947494136
SG_005707,0.17984605780489415
SG_005713,0.13290577650403373
SG_005715,0.15960573671270256
SG_005719,0.13254414642856538
SG_005722,0.10717992681759916
SG_005724,0.16601342804986688
SG_005725,0.17768530498273624
SG_005726,0.12682006033930565
SG_005730,0.20173757438002105
SG_005735,0.16029707499131587
SG_005736,0.2069218108675301
SG_005740,0.15803601813844476
SG_005748,0.2156768280232475
SG_005750,0.16781373375366473
SG_005753,0.18779765007733829
SG_005758,0.1281583741326336
SG_005759,0.13177361149763517
SG_005764,0.14390162554699143
SG_005765,0.12682006033930565
SG_005772,0.2024544821692591
SG_005773,0.13333743667966863
SG_005776,0.15106705302706144
SG_005778,0.1592800293536643
SG_005784,0.17627033074397228
SG_005786,0.1399951252736669
SG_005789,0.15540769897645143
SG_005794,0.1696182881379809
SG_005796,0.14687821493514577
SG_005801,0.14973719985786402
SG_005807,0.1280716596585314
SG_005809,0.13420820500675315
SG_005811,0.2053078031766939
SG_005813,0.1303951952796257
SG_005814,0.19330006125667795
SG_005817,0.16029707499131587
SG_005818,0.1358423287942377
SG_005820,0.12219294757144536
SG_005821,0.18272291824681158
SG_005824,0.12219294757144536
SG_005825,0.15221382376889678
SG_005827,0.16254889222338237
SG_005828,0.249566285524698
SG_005830,0.11265363373882178
SG_005838,0.2530108755553371
SG_005840,0.19032142768993446
SG_005842,0.15065994026710933
SG_005846,0.1340528478457427
SG_005847,0.10717992681759916
SG_005848,0.24735854865726256
SG_005857,0.249566285524698
SG_005861,0.16186303589126572
SG_005862,0.1788832608445742
SG_005871,0.21074094225230336
SG_005872,0.16201726377367207
SG_005873,0.15147981852222372
SG_005874,0.15633768103479936
SG_005875,0.17472250002847164
SG_005877,0.14121701631034164
SG_005880,0.13125541864224718
SG_005884,0.15223071540360758
SG_005892,0.18841227773244035
SG_005894,0.19162071017126323
SG_005898,0.17764131775586425
SG_005899,0.16452805465076967
SG_005905,0.17868884971251514
SG_005909,0.11791725570629712
SG_005910,0.18281604524270273
SG_005920,0.20678222127424017
SG_005921,0.25020034919980433
SG_005922,0.1641640976203523
SG_005925,0.17368369024125493
SG_005928,0.15803601813844476
SG_005932,0.14214720929831584
SG_005934,0.17608161744347503
SG_005935,0.1280716596585314
SG_005937,0.18772819944454855
SG_005939,0.1719625046966756
SG_005943,0.18980681278910652
SG_005951,0.11180387962970459
SG_005955,0.20009302115192112
SG_005959,0.25020034919980433
SG_005966,0.16702986364173872
SG_005967,0.24696972029512576
SG_005969,0.24800323782079528
SG_005976,0.19421697076204192
SG_005977,0.1843608698391164
SG_005979,0.1946708361807149
SG_005980,0.1630592644936165
SG_005985,0.20031334941028317
SG_005986,0.2530108755553371
SG_005991,0.26059300804084157
SG_005999,0.13573223755481967
SG_006000,0.16671085384241463
SG_006004,0.1618023835688901
SG_006009,0.1853403054491204
SG_006012,0.15896057608555167
SG_006013,0.14496132290895059
SG_006022,0.1682182358688896
SG_006023,0.14558079293114481
SG_006026,0.16652103603197974
SG_006028,0.16068497184336933
SG_006029,0.18584394769829163
SG_006033,0.16222232416048837
SG_006035,0.1280716596585314
SG_006036,0.13420820500675315
SG_006038,0.1882509752315307
SG_006039,0.249566285524698
SG_006041,0.11791725570629712
SG_006047,0.24036030651734172
SG_006049,0.15742461309045985
SG_006050,0.1854907575316188
SG_006054,0.13361370966516975
SG_006063,0.1397799779052449
SG_006067,0.25216770510522646
SG_006069,0.25130515077939325
SG_006073,0.10717992681759916
SG_006074,0.12219294757144536
SG_006075,0.12682006033930565
SG_006076,0.1750585195951518
SG_006077,0.18589571032554558
SG_006079,0.25578794541400673
SG_006081,0.1509104683935908
SG_006086,0.12719799510857588
SG_006092,0.15426941283516357
SG_006095,0.1424549410676173
SG_006097,0.16192303550347786
SG_006099,0.25550620742288344
SG_006101,0.18191586834232001
SG_006112,0.20072212668490347
SG_006122,0.1848531923294802
SG_006127,0.20067330403593528
SG_006131,0.14056988146721072
SG_006133,0.16582087285328873
SG_006136,0.15481749703408884
SG_006137,0.1902149983149276
SG_006140,0.18975459661662522
SG_006143,0.15256050957679151
SG_006148,0.13713884168987348
SG_006150,0.15555483121422983
SG_006151,0.18388338739501006
SG_006154,0.11242887009564634
SG_006161,0.17850590403099276
SG_006163,0.16520116206899535
SG_006169,0.16381049534887726
SG_006170,0.1495553313750259
SG_006179,0.15970890852108074
SG_006181,0.15438253473140182
SG_006184,0.1443819486689651
SG_006187,0.11242887009564634
SG_006189,0.1825851554219693
SG_006197,0.13879623734060262
SG_006202,0.14772712615608935
SG_006206,0.12701501690714098
SG_006212,0.15896057608555167
SG_006213,0.14825040724461297
SG_006218,0.16745156491120472
SG_006222,0.17336084304893398
SG_006224,0.20578959337689887
SG_006225,0.2491467964584379
SG_006226,0.2888164083769044
SG_006229,0.11791725570629712
SG_006237,0.24246790172490099
SG_006238,0.12219294757144536
SG_006240,0.13449819211509526
SG_006241,0.14302353565960818
SG_006242,0.1496975316596451
SG_006244,0.16062833484094702
SG_006245,0.13891085269812387
SG_006247,0.16923495576272352
SG_006250,0.13441388758831982
SG_006251,0.19137718793238714
SG_006252,0.20580730592497132
SG_006254,0.17080985120701356
SG_006256,0.23235356080984632
SG_006260,0.1737932349331689
SG_006262,0.19035995410622306
SG_006263,0.12832317447800037
SG_006264,0.14268022185759086
SG_006266,0.26324019197999415
SG_006269,0.19606479309839903
SG_006275,0.2504036701820488
SG_006277,0.13738947209556587
SG_006283,0.1687370740773772
SG_006284,0.13170660873326612
SG_006287,0.12832317447800037
SG_006288,0.16217228713846005
SG_006300,0.1529839586601499
SG_006301,0.15536972496703205
SG_006304,0.13427097298881618
SG_006306,0.15006961389273152
SG_006313,0.1757545609159955
SG_006315,0.19268501189946677
SG_006317,0.186482666080495
SG_006320,0.193029469316387
SG_006322,0.20769714787075985
SG_006326,0.1504502008850172
SG_006328,0.1730717437110816
SG_006331,0.1511465333324312
SG_006337,0.17818030698979018
SG_006340,0.15742461309045985
SG_006345,0.19231082954003945
SG_006348,0.13723696911264524
SG_006349,0.13879623734060262
SG_006356,0.1944081632052543
SG_006357,0.1509341003417764
SG_006358,0.14981356457539807
SG_006360,0.18014622214643572
SG_006371,0.15837743043634728
SG_006373,0.19484312128779352
SG_006380,0.1812128066212352
SG_006382,0.13254414642856538
SG_006388,0.10717992681759916
SG_006393,0.1698109342188033
SG_006394,0.12701501690714098
SG_006396,0.11242887009564634
SG_006398,0.14700773156499747
SG_006400,0.16575541707932578
SG_006403,0.1383688317546056
SG_006404,0.15084678915396887
SG_006411,0.1583588518691755
SG_006417,0.1971427601189955
SG_006418,0.20145589655780569
SG_006420,0.2643249329156973
SG_006421,0.12701501690714098
SG_006423,0.1280716596585314
SG_006424,0.15147981852222372
SG_006429,0.2325340146534199
SG_006435,0.14626690288399466
SG_006438,0.14821957110198647
SG_006439,0.14504585415326457
SG_006441,0.13125541864224718
SG_006445,0.15238186814648075
SG_006446,0.15482747667432378
SG_006448,0.19530972312870645
SG_006451,0.1763998277309785
SG_006452,0.21043998804283243
SG_006455,0.2152146989637326
SG_006463,0.20705758986334838
SG_006467,0.1390346254028466
SG_006469,0.18701856857658541
SG_006470,0.15136612620967962
SG_006477,0.17734538050128879
SG_006480,0.24477939835217294
SG_006486,0.1318382970886083
SG_006487,0.13841315171190258
SG_006488,0.22597001910959144
SG_006490,0.21288348955323094
SG_006491,0.15238186814648075
SG_006493,0.15296601788839714
SG_006494,0.16471402290939882
SG_006496,0.158319403349432
SG_006497,0.23264193819383486
SG_006498,0.15357276546919765
SG_006500,0.20436471644114926
SG_006502,0.1543105775459085
SG_006503,0.18854067251052092
SG_006505,0.27803638905282796
SG_006506,0.2363155309460557
SG_006507,0.17609390170307085
SG_006512,0.13157382165206208
SG_006516,0.14559209499333495
SG_006520,0.14150207115473376
SG_006522,0.16029707499131587
SG_006528,0.18057973437872496
SG_006534,0.15573163117224842
SG_006535,0.16189523067841158
SG_006536,0.15481749703408884
SG_006537,0.1280716596585314
SG_006539,0.19484630282950588
SG_006541,0.18479722559688336
SG_006543,0.20124157747373836
SG_006545,0.19233660928880228
SG_006548,0.13978276062303424
SG_006550,0.1303951952796257
SG_006551,0.12348014110798694
SG_006557,0.15209049662520494
SG_006560,0.12682006033930565
SG_006564,0.27914081963314913
SG_006566,0.17844951904254613
SG_006567,0.14847135383281448
SG_006577,0.15886011337497424
SG_006579,0.16029707499131587
SG_006581,0.12986652392950637
SG_006588,0.13420820500675315
SG_006592,0.19400615405390215
SG_006597,0.13049124862061703
SG_006601,0.13879623734060262
SG_006607,0.1280716596585314
SG_006608,0.18810841130063105
SG_006610,0.13879623734060262
SG_006615,0.16728605474899225
SG_006616,0.17120891549706846
SG_006620,0.16101690747770706
SG_006622,0.15354901638636423
SG_006623,0.15847047455752172
SG_006624,0.16564650123406627
SG_006626,0.1690115623262722
SG_006627,0.24800323782079528
SG_006633,0.16604760977400396
SG_006637,0.14161811197305618
SG_006638,0.15536675094724192
SG_006639,0.15257416837534038
SG_006644,0.17182306543377074
SG_006645,0.1745844617928259
SG_006651,0.19137718793238714
SG_006659,0.1556693072409493
SG_006664,0.16192395576911844
SG_006668,0.15238791596111212
SG_006673,0.13729815222764763
SG_006687,0.1668803564991368
SG_006688,0.1911240374999775
SG_006690,0.17826632966051073
SG_006693,0.22131911718309885
SG_006698,0.13573223755481967
SG_006700,0.16154455803031467
SG_006706,0.13366292178158898
SG_006710,0.14380160177130477
SG_006713,0.14971228898993463
SG_006716,0.18251360845030495
SG_006728,0.14534640485983377
SG_006734,0.17355527418197722
SG_006736,0.17907179364662598
SG_006744,0.24350275844243163
SG_006745,0.18079690021707046
SG_006749,0.15238791596111212
SG_006758,0.16784486831269996
SG_006760,0.18438716381609785
SG_006765,0.16432021038487624
SG_006766,0.2471712336017418
SG_006769,0.16330011304229744
SG_006778,0.16658459445735033
SG_006780,0.12682006033930565
SG_006781,0.1554775456101635
SG_006786,0.1791910109596246
SG_006789,0.1644850369167224
SG_006792,0.25064344092279256
SG_006793,0.16203438667932407
SG_006800,0.20597696027926657
SG_006802,0.18493817661666728
SG_006808,0.13420820500675315
SG_006820,0.14903280678989378
SG_006833,0.14383836770315725
SG_006835,0.1749255566467243
SG_006837,0.15604690736951993
SG_006841,0.15810668154323507
SG_006847,0.1875417284914665
SG_006848,0.13729815222764763
SG_006851,0.15748016292148428
SG_006852,0.1902354347796408
SG_006860,0.13994907047555852
SG_006861,0.15048049780715708
SG_006863,0.13729815222764763
SG_006866,0.15427389800355917
SG_006868,0.18698699740075683
SG_006874,0.14243149739247282
SG_006877,0.1424549410676173
SG_006879,0.1669463045506357
SG_006880,0.13254414642856538
SG_006881,0.1556614377279153
SG_006889,0.12219294757144536
SG_006890,0.2748830326992447
SG_006897,0.24036630301565584
SG_006901,0.26385898890531123
SG_006908,0.1424549410676173
SG_006910,0.15147981852222372
SG_006914,0.18194727151879705
SG_006918,0.1552946334961977
SG_006924,0.16420250320660132
SG_006925,0.1535534179667111
SG_006927,0.24036030651734172
SG_006929,0.15054739782749846
SG_006937,0.25550620742288344
SG_006938,0.1280716596585314
SG_006940,0.1719269893416924
SG_006942,0.13521953573327386
SG_006945,0.11148478512800994
SG_006949,0.19756778851059176
SG_006950,0.22273307905567039
SG_006951,0.16362497882057836
SG_006953,0.12682006033930565
SG_006954,0.13474993664594953
SG_006956,0.1862551564080652
SG_006957,0.25064344092279256
SG_006962,0.18091756840867565
SG_006963,0.12682006033930565
SG_006964,0.14206736391545144
SG_006966,0.1280716596585314
SG_006970,0.17338502375841053
SG_006971,0.1956006892831962
SG_006972,0.15768009694517596
SG_006974,0.2662441986240935
SG_006977,0.1659490656822946
SG_006978,0.13254414642856538
SG_006981,0.2382301603290694
SG_006982,0.2929560610714636
SG_006983,0.14614964354547094
SG_006984,0.14978270201097965
SG_006987,0.159136037236824
SG_006994,0.15371940920745888
SG_006997,0.14487602930885993
SG_007002,0.20547630024352667
SG_007005,0.1855020403297487
SG_007009,0.19137718793238714
SG_007011,0.15901100808981924
SG_007017,0.12219294757144536
SG_007018,0.12737219019183613
SG_007019,0.1442662080333029
SG_007029,0.1897147809571643
SG_007030,0.12737219019183613
SG_007033,0.17327841587987441
SG_007040,0.17509626975659096
SG_007047,0.23054676768766477
SG_007054,0.13828845813173676
SG_007055,0.2476993043784075
SG_007056,0.1738198669611673
SG_007061,0.15948133872593961
SG_007062,0.13640310350997417
SG_007067,0.15640199500663832
SG_007068,0.20550046138625747
SG_007069,0.22843141960871025
SG_007073,0.12569815397425865
SG_007075,0.2059154929627983
SG_007076,0.1318382970886083
SG_007078,0.1702316652608524
SG_007080,0.1650830487217922
SG_007091,0.1345576289049256
SG_007095,0.158991837748303
SG_007100,0.20234545968954937
SG_007104,0.17608974021503387
SG_007112,0.15344936917894417
SG_007114,0.15069447594805452
SG_007127,0.1280716596585314
SG_007130,0.1377511407331172
SG_007133,0.15779638394674247
SG_007136,0.1519917024057098
SG_007138,0.18854067251052092
SG_007139,0.15022497824559375
SG_007143,0.14728579363799366
SG_007146,0.1628218061237412
SG_007150,0.1738125719490806
SG_007155,0.15555483121422983
SG_007157,0.14991714464676154
SG_007160,0.23694268552056366
SG_007162,0.14327347850969638
SG_007163,0.16631254803395537
SG_007166,0.15121022881364074
SG_007168,0.14113110207781418
SG_007170,0.173683483235788
SG_007179,0.13254414642856538
SG_007181,0.14346560800185854
SG_007183,0.1981418077670356
SG_007186,0.1280716596585314
SG_007202,0.1621119924693811
SG_007203,0.18017396343526623
SG_007204,0.1509104683935908
SG_007205,0.19349765432478908
SG_007210,0.20379040240511212
SG_007212,0.18341431366765684
SG_007215,0.12348014110798694
SG_007218,0.21654214420810186
SG_007226,0.13254414642856538
SG_007229,0.16120724140269438
SG_007231,0.16636598424746962
SG_007234,0.1722925096683739
SG_007237,0.24800323782079528
SG_007239,0.13863285929843486
SG_007240,0.16627516003732973
SG_007249,0.1870015603433441
SG_007252,0.15783153389436352
SG_007255,0.1280716596585314
SG_007256,0.1754541414957913
SG_007257,0.23899188147185207
SG_007263,0.186482666080495
SG_007264,0.1280716596585314
SG_007265,0.1731101575911007
SG_007268,0.17764131775586425
SG_007271,0.15643271486081534
SG_007275,0.2168767701076178
SG_007280,0.19391982449466952
SG_007281,0.17707825246834583
SG_007282,0.17165487745721975
SG_007283,0.1463319965585473
SG_007287,0.15426941283516357
SG_007288,0.14769384347325243
SG_007301,0.2504036701820488
SG_007307,0.16640227538726338
SG_007310,0.15160844101603685
SG_007312,0.17671648605046672
SG_007314,0.1960015059968104
SG_007319,0.16745375018765446
SG_007326,0.23189726858852397
SG_007331,0.11148478512800994
SG_007333,0.20653852415509752
SG_007334,0.19329560288356806
SG_007338,0.13131079601339424
SG_007340,0.19037790959689344
SG_007345,0.1362385203997364
SG_007349,0.1836953897697187
SG_007356,0.14796264737570272
SG_007358,0.11242887009564634
SG_007368,0.1374773982083088
SG_007370,0.1280716596585314
SG_007371,0.19231082954003945
SG_007372,0.14366111555405628
SG_007375,0.13349381897608667
SG_007378,0.140819309802593
SG_007379,0.13590972794283593
SG_007380,0.17971382258303908
SG_007383,0.12737219019183613
SG_007384,0.19187959682617384
SG_007389,0.16525601742320611
SG_007390,0.1733089037481685
SG_007401,0.23232410808476403
SG_007403,0.22796631904971854
SG_007406,0.16484529639864967
SG_007409,0.19110366559792963
SG_007410,0.20705758986334838
SG_007413,0.1672477291407105
SG_007416,0.15656803012953435
SG_007419,0.15111030557533295
SG_007420,0.20636903507915158
SG_007423,0.18806396963615818
SG_007424,0.2062008510354706
SG_007428,0.18194842540738404
SG_007433,0.13987941717278485
SG_007434,0.13361370966516975
SG_007437,0.1318382970886083
SG_007441,0.21774921663667182
SG_007443,0.29212143786725114
SG_007450,0.1422077018535381
SG_007452,0.22625560266813602
SG_007455,0.11791725570629712
SG_007462,0.15344936917894417
SG_007464,0.19487087311847787
SG_007466,0.15112341538754764
SG_007469,0.15256050957679151
SG_007470,0.26237490562697485
SG_007472,0.13573223755481967
SG_007476,0.18846569841767166
SG_007486,0.2214509836989016
SG_007489,0.19205674376895346
SG_007490,0.16403133934187114
SG_007495,0.23003367224836802
SG_007499,0.19115968297133348
SG_007506,0.1237762608145903
SG_007508,0.17814990860922347
SG_007509,0.13316921163380782
SG_007517,0.15405274313708578
SG_007518,0.1961849637706926
SG_007522,0.187138614875832
SG_007524,0.19518636652909957
SG_007527,0.12713313407599425
SG_007535,0.15256050957679151
SG_007540,0.25020034919980433
SG_007546,0.18226306743247028
SG_007552,0.24998972641966866
SG_007553,0.18767340949223726
SG_007557,0.20645217700512788
SG_007558,0.18908031224735697
SG_007560,0.19173687427379293
SG_007568,0.13871947831887724
SG_007571,0.2149876721861741
SG_007573,0.15238791596111212
SG_007577,0.13642263148168468
SG_007578,0.16630006766081684
SG_007579,0.10717992681759916
SG_007582,0.19098877179885407
SG_007586,0.12682006033930565
SG_007587,0.19447251362012502
SG_007589,0.14605662797319624
SG_007591,0.13254414642856538
SG_007595,0.1555835560163887
SG_007597,0.15286295748658
SG_007599,0.14580883133326028
SG_007602,0.1812128066212352
SG_007605,0.13125541864224718
SG_007609,0.14580883133326028
SG_007614,0.18387717293198083
SG_007620,0.13843604075236768
SG_007628,0.18543864430534895
SG_007630,0.1673888813729455
SG_007646,0.17884481147500017
SG_007648,0.1162286610871539
SG_007654,0.15381969945638713
SG_007655,0.16081978496744528
SG_007656,0.249566285524698
SG_007657,0.17563978934823485
SG_007658,0.16824310855562882
SG_007659,0.2240255840136052
SG_007660,0.15562069347548466
SG_007663,0.17719023393489008
SG_007665,0.25089257744283017
SG_007667,0.16253051709226976
SG_007670,0.1980256604562006
SG_007678,0.12737219019183613
SG_007679,0.2790609579576568
SG_007681,0.13729815222764763
SG_007685,0.15158366339009588
SG_007686,0.15327595186364634
SG_007687,0.20322226447826477
SG_007688,0.16898066391194988
SG_007691,0.11791725570629712
SG_007696,0.15238791596111212
SG_007698,0.1379092186570478
SG_007700,0.21932039256155372
SG_007703,0.136204721046351
SG_007704,0.1749098412940599
SG_007706,0.17283004036072816
SG_007711,0.20882291554878066
SG_007712,0.16631811177024935
SG_007714,0.13254414642856538
SG_007717,0.2426809800427469
SG_007719,0.13816719365788538
SG_007720,0.1463319965585473
SG_007721,0.17377558269257523
SG_007728,0.1629257874934807
SG_007737,0.20900277944488654
SG_007741,0.13729815222764763
SG_007742,0.1785240346549529
SG_007744,0.16766112434974012
SG_007746,0.1958494808725519
SG_007748,0.13729815222764763
SG_007750,0.1278983346985986
SG_007751,0.12219294757144536
SG_007752,0.1617387950515698
SG_007758,0.24613505558642879
SG_007760,0.18642572911760596
SG_007762,0.249566285524698
SG_007770,0.15803601813844476
SG_007772,0.194576775937931
SG_007776,0.13378885860053355
SG_007780,0.1945826990302156
SG_007781,0.18541511557727963
SG_007782,0.12923589499681767
SG_007787,0.1926010592927934
SG_007800,0.20226231243112852
SG_007801,0.150004119742868
SG_007804,0.13994907047555852
SG_007805,0.2081177035480352
SG_007807,0.14400455349976768
SG_007808,0.1904993954411755
SG_007813,0.17040779799898256
SG_007815,0.10717992681759916
SG_007817,0.19415226557709367
SG_007818,0.1782611851288994
SG_007820,0.15481749703408884
SG_007822,0.22387829932943656
SG_007823,0.1511420362884616
SG_007824,0.13420820500675315
SG_007834,0.15880018467067228
SG_007836,0.10859277433984935
SG_007839,0.13208717358254296
SG_007842,0.10717992681759916
SG_007844,0.2061203710399194
SG_007846,0.1280716596585314
SG_007849,0.1682386008781188
SG_007858,0.1930808761079048
SG_007864,0.21183101245739475
SG_007866,0.14741277594986316
SG_007875,0.20345746598161013
SG_007876,0.1719269893416924
SG_007880,0.2165137939622144
SG_007884,0.13760948135991813
SG_007889,0.2534515962042109
SG_007892,0.17517514366048983
SG_007897,0.14455556264510672
SG_007898,0.15012652852560324
SG_007899,0.14322755577305726
SG_007901,0.16495032493753542
SG_007908,0.21371236785614234
SG_007910,0.16487929025945758
SG_007922,0.11791725570629712
SG_007923,0.14733906656072507
SG_007926,0.233996092999586
SG_007931,0.17649426608208552
SG_007933,0.1420119397938289
SG_007939,0.2530108755553371
SG_007940,0.14150207115473376
SG_007946,0.15256050957679151
SG_007947,0.14085062172761098
SG_007948,0.14119834070110532
SG_007954,0.1543729649181053
SG_007957,0.12435412965134338
SG_007960,0.20290292071342325
SG_007964,0.18366014543001627
SG_007965,0.17335402532531802
SG_007980,0.1956204661334334
SG_007985,0.15579949517873026
SG_007992,0.1280716596585314
SG_007996,0.15842471193717705
SG_007998,0.1280716596585314
SG_007999,0.1280716596585314
SG_008014,0.14214720929831584
SG_008015,0.14040860544831185
SG_008020,0.15273550288381002
SG_008026,0.14404714880454644
SG_008033,0.1663792228628344
SG_008043,0.16333296468035338
SG_008050,0.1866024347025068
SG_008055,0.14577214072841846
SG_008056,0.2530108755553371
SG_008058,0.2212794137673879
SG_008067,0.1692336377644949
SG_008074,0.20918698952165377
SG_008076,0.15130016695546547
SG_008081,0.17082005764328334
SG_008091,0.13254414642856538
SG_008099,0.13994907047555852
SG_008100,0.15481749703408884
SG_008101,0.1237762608145903
SG_008104,0.1805910060340856
SG_008115,0.22896206649521325
SG_008117,0.15549191043133614
SG_008118,0.1951065129663117
SG_008127,0.14931710784609412
SG_008131,0.15724979266188313
SG_008133,0.1694387683038973
SG_008137,0.17702572472731934
SG_008140,0.1661303569797335
SG_008141,0.2015510194846136
SG_008145,0.13081288012571773
SG_008152,0.11180387962970459
SG_008156,0.16251668741970415
SG_008160,0.15518714223740887
SG_008164,0.2013473248832091
SG_008167,0.1918215349948926
SG_008175,0.13994907047555852
SG_008176,0.24726420895567403
SG_008183,0.172748609115595
SG_008188,0.17968422750163893
SG_008191,0.1427225339434061
SG_008192,0.13627648429225234
SG_008193,0.1280716596585314
SG_008195,0.1528657556925245
SG_008202,0.1621125393962193
SG_008213,0.18150190136657027
SG_008217,0.24800323782079528
SG_008224,0.14162053202873853
SG_008228,0.1825851554219693
SG_008229,0.1280716596585314
SG_008237,0.15277695994484608
SG_008242,0.12701501690714098
SG_008246,0.1948079655831182
SG_008248,0.1511420362884616
SG_008249,0.24134355545707836
SG_008253,0.18286345389132233
SG_008257,0.16066183305786458
SG_008261,0.24350275844243163
SG_008264,0.20222834170184903
SG_008265,0.14400455349976768
SG_008281,0.1556846346428084
SG_008283,0.17384049826125011
SG_008287,0.13426636920719953
SG_008291,0.2530108755553371
SG_008293,0.14981356457539807
SG_008294,0.1280716596585314
SG_008296,0.1907805372634315
SG_008298,0.165762820144283
SG_008309,0.165866880822983
SG_008310,0.13743176313173575
SG_008312,0.16998009116081986
SG_008316,0.2504036701820488
SG_008317,0.11573868127953704
SG_008318,0.17712284792794428
SG_008327,0.10717992681759916
SG_008330,0.16150377374650363
SG_008333,0.12219294757144536
SG_008336,0.1737032215933583
SG_008345,0.13361370966516975
SG_008347,0.12682006033930565
SG_008355,0.24053951817552763
SG_008358,0.13401998467497475
SG_008359,0.26204713629541326
SG_008360,0.15803601813844476
SG_008361,0.1485957680433126
SG_008362,0.1896517702447828
SG_008365,0.1821615600487604
SG_008366,0.1898505931864216
SG_008375,0.15214384488039223
SG_008376,0.18865870638250165
SG_008382,0.1511420362884616
SG_008383,0.1875699361269204
SG_008388,0.18618656368716827
SG_008389,0.22179332446865288
SG_008392,0.15374284097444693
SG_008396,0.13254414642856538
SG_008402,0.15486466122128165
SG_008410,0.15838257637762085
SG_008413,0.1804150084114592
SG_008417,0.17706975181909854
SG_008420,0.24053951817552763
SG_008422,0.1509104683935908
SG_008435,0.19248690124541995
SG_008440,0.1278983346985986
SG_008441,0.21662619604572345
SG_008442,0.14400455349976768
SG_008443,0.13729815222764763
SG_008444,0.13254414642856538
SG_008449,0.1776393945768799
SG_008452,0.17559632257272817
SG_008457,0.179514688819943
SG_008459,0.15238791596111212
SG_008462,0.21465324161670032
SG_008467,0.249566285524698
SG_008468,0.15803601813844476
SG_008478,0.1280716596585314
SG_008482,0.2591927250360546
SG_008484,0.20038652724409092
SG_008485,0.1495363941892789
SG_008494,0.19843277515868818
SG_008497,0.15238791596111212
SG_008498,0.15121022881364074
SG_008500,0.24477939835217294
SG_008501,0.19099207579258065
SG_008504,0.13254414642856538
SG_008506,0.18848832523249165
SG_008512,0.263038922986286
SG_008514,0.2530108755553371
SG_008517,0.178059951433212
SG_008522,0.16628642257087006
SG_008527,0.13420820500675315
SG_008529,0.17472250002847164
SG_008531,0.11131062664277827
SG_008534,0.25020034919980433
SG_008535,0.19152096609639935
SG_008536,0.13123682174362428
SG_008538,0.24477939835217294
SG_008541,0.16264708925981147
SG_008542,0.1889218864773502
SG_008545,0.217424387357769
SG_008547,0.1511026566737522
SG_008549,0.23321593679605992
SG_008550,0.1776022437312257
SG_008551,0.1553752393851443
SG_008553,0.1468084446069704
SG_008555,0.1420119397938289
SG_008557,0.16095004301365498
SG_008561,0.14924237682335353
SG_008564,0.14884237124893457
SG_008565,0.203486425804105
SG_008568,0.15111030557533295
SG_008569,0.1492116711222674
SG_008570,0.1631038178880623
SG_008572,0.15886831271032112
SG_008574,0.1557513096656401
SG_008575,0.19004458114161685
SG_008576,0.11037476404852285
SG_008577,0.16418724173211804
SG_008580,0.13361370966516975
SG_008586,0.153814000038148
SG_008594,0.1627864658311669
SG_008598,0.1383577704079976
SG_008600,0.1931089465973612
SG_008614,0.16464744485846813
SG_008615,0.18571212920718025
SG_008617,0.16604722089611224
SG_008624,0.20348992784691194
SG_008630,0.15256022662025767
SG_008635,0.15391017614884633
SG_008636,0.12737219019183613
SG_008639,0.2530108755553371
SG_008645,0.16748516408181216
SG_008646,0.13254414642856538
SG_008650,0.1986787150850873
SG_008653,0.19173687427379293
SG_008669,0.16257916275625572
SG_008671,0.24122414257874042
SG_008689,0.20099998952862097
SG_008691,0.24484629256626086
SG_008693,0.2426809800427469
SG_008708,0.14976305543943297
SG_008714,0.186283925388054
SG_008726,0.1768662069503862
SG_008727,0.2632062910735623
SG_008729,0.1511420362884616
SG_008734,0.28744451480147465
SG_008735,0.1770351759076544
SG_008737,0.1862165376529171
SG_008739,0.11242887009564634
SG_008745,0.249566285524698
SG_008749,0.15620753903430887
SG_008755,0.1511420362884616
SG_008759,0.14707312269184358
SG_008766,0.15960573671270256
SG_008769,0.15551386032576975
SG_008770,0.15215185792280292
SG_008771,0.14056988146721072
SG_008773,0.18581922334782144
SG_008774,0.22240944780721064
SG_008776,0.12219294757144536
SG_008777,0.22485941428248604
SG_008780,0.16591722804717998
SG_008782,0.12701501690714098
SG_008784,0.186482666080495
SG_008785,0.15371564624772902
SG_008787,0.15952300699459518
SG_008789,0.15161388871406487
SG_008793,0.2134751757988378
SG_008798,0.13177361149763517
SG_008810,0.19437046843428155
SG_008816,0.2339390405189224
SG_008823,0.2005813679646598
SG_008824,0.13254414642856538
SG_008825,0.1457990130868626
SG_008828,0.1870354275616579
SG_008836,0.1280716596585314
SG_008839,0.17609576050141018
SG_008840,0.10717992681759916
SG_008841,0.1544413802245581
SG_008843,0.16418724173211804
SG_008844,0.14987243291945973
SG_008845,0.13994907047555852
SG_008849,0.17646036968610682
SG_008850,0.16921863118353692
SG_008853,0.17291365732053274
SG_008855,0.16787172350704432
SG_008859,0.16287659089654194
SG_008862,0.1620007522238816
SG_008864,0.16439880046414496
SG_008865,0.14327347850969638
SG_008866,0.10717992681759916
SG_008867,0.2778007403404985
SG_008869,0.18325384890265783
SG_008876,0.14232199718066726
SG_008881,0.18045526759331662
SG_008883,0.12219294757144536
SG_008888,0.1275141822221998
SG_008889,0.23596447747876223
SG_008895,0.17007609213938632
SG_008897,0.14565477760311668
SG_008901,0.1576088740915533
SG_008905,0.1280716596585314
SG_008907,0.12737219019183613
SG_008908,0.136204721046351
SG_008910,0.19227674402282957
SG_008913,0.1843774041597402
SG_008914,0.1630024301009863
SG_008917,0.16196627349577505
SG_008919,0.15633768103479936
SG_008920,0.1700199188819983
SG_008925,0.19153680420876523
SG_008926,0.1495363941892789
SG_008927,0.13254414642856538
SG_008930,0.27550527638247263
SG_008932,0.14310961715898599
SG_008934,0.1850517414885145
SG_008937,0.1349866634198667
SG_008940,0.13474993664594953
SG_008943,0.19997826916501746
SG_008947,0.13254414642856538
SG_008955,0.1397504282363341
SG_008960,0.18343055320124949
SG_008962,0.12682006033930565
SG_008964,0.11791725570629712
SG_008965,0.1280716596585314
SG_008966,0.15238791596111212
SG_008971,0.14732329477029343
SG_008972,0.11242887009564634
SG_008976,0.19175844237207518
SG_008978,0.1485957680433126
SG_008983,0.14971228898993463
SG_008989,0.24077543394281042
SG_008990,0.190340953173731
SG_008994,0.13995408506512635
SG_008996,0.19584882125050396
SG_008998,0.1280716596585314
SG_008999,0.1393254298393036
SG_009001,0.17826632966051073
SG_009005,0.17057694377169313
SG_009006,0.1487802382857938
SG_009011,0.19444501849597784
SG_009017,0.13863666797091054
SG_009018,0.13290577650403373
SG_009032,0.12701501690714098
SG_009034,0.14520750024295212
SG_009043,0.1827211546289444
SG_009047,0.14400455349976768
SG_009048,0.15817706842281232
SG_009053,0.14772712615608935
SG_009055,0.17559632257272817
SG_009058,0.15996759726291646
SG_009063,0.20593018481958963
SG_009064,0.1825851554219693
SG_009065,0.17730085562554396
SG_009069,0.1368727163413099
SG_009070,0.13657663251866162
SG_009072,0.15650474770907366
SG_009075,0.14567554748638012
SG_009079,0.1663495984771827
SG_009080,0.2001738911160934
SG_009081,0.15633768103479936
SG_009083,0.16115155614668383
SG_009085,0.11791725570629712
SG_009091,0.24800323782079528
SG_009093,0.13254414642856538
SG_009100,0.12944063129594055
SG_009109,0.15742461309045985
SG_009115,0.25173981760395525
SG_009119,0.15371618961133746
SG_009120,0.1687584827328527
SG_009123,0.20125729695230354
SG_009124,0.13254414642856538
SG_009127,0.1340528478457427
SG_009128,0.13790217239788144
SG_009135,0.20348990418572696
SG_009136,0.26237490562697485
SG_009139,0.18058256911812062
SG_009146,0.268618633262011
SG_009147,0.20823709818767863
SG_009149,0.12737219019183613
SG_009150,0.186283925388054
SG_009152,0.20825467648058144
SG_009153,0.20844032994191303
SG_009159,0.25089257744283017
SG_009168,0.21391392555556757
SG_009169,0.1784041858828062
SG_009170,0.11476755758864636
SG_009172,0.12737219019183613
SG_009176,0.14056988146721072
SG_009179,0.18986231648876933
SG_009183,0.15379766016150626
SG_009193,0.2303538411997347
SG_009196,0.16165254976995685
SG_009199,0.15812579144763383
SG_009202,0.16346888152361821
SG_009203,0.13335793847423058
SG_009204,0.1280716596585314
SG_009206,0.13254414642856538
SG_009207,0.19044461596280354
SG_009209,0.17050062047246292
SG_009210,0.2056507200488452
SG_009214,0.15256050957679151
SG_009220,0.1806728365200103
SG_009223,0.15954307281636182
SG_009224,0.1732134438815074
SG_009225,0.1280716596585314
SG_009226,0.2778007403404985
SG_009229,0.1507295071277607
SG_009230,0.22796631904971854
SG_009236,0.15842471193717705
SG_009242,0.12868348412392677
SG_009246,0.24744027589791495
SG_009250,0.1651547762813748
SG_009253,0.2632062910735623
SG_009266,0.24800323782079528
SG_009268,0.17628123495622397
SG_009272,0.18694335617408162
SG_009273,0.16013560206587957
SG_009274,0.21211325419323535
SG_009277,0.21536399924766172
SG_009278,0.1463744318716872
SG_009279,0.13065470925863581
SG_009280,0.16674456507667476
SG_009281,0.15518902692864228
SG_009289,0.16764927477597732
SG_009290,0.1980256604562006
SG_009299,0.1280716596585314
SG_009300,0.15045996104950898
SG_009305,0.11297564836304831
SG_009307,0.17235350737415317
SG_009319,0.14626690288399466
SG_009328,0.11833709909210417
SG_009333,0.18491952948416704
SG_009335,0.15567281027229568
SG_009341,0.1508502337801866
SG_009347,0.13521953573327386
SG_009354,0.18779765007733829
SG_009355,0.2530108755553371
SG_009357,0.14915791942419845
SG_009362,0.23333101486907082
SG_009363,0.25516002264060617
SG_009365,0.1510474226855329
SG_009366,0.2378376341074911
SG_009367,0.20447324934261774
SG_009370,0.2655360009497478
SG_009386,0.1601537460986051
SG_009392,0.1641640976203523
SG_009398,0.13254414642856538
SG_009400,0.15348924980067993
SG_009402,0.20176347272777842
SG_009403,0.22209484938422702
SG_009404,0.15104443795627903
SG_009406,0.22477656199470908
SG_009407,0.18995083213745925
SG_009408,0.12569815397425865
SG_009409,0.12682006033930565
SG_009410,0.249566285524698
SG_009411,0.24350275844243163
SG_009412,0.12082092479127628
SG_009413,0.11180387962970459
SG_009415,0.16241677734380602
SG_009417,0.249566285524698
SG_009419,0.13420820500675315
SG_009425,0.1839783225335613
SG_009426,0.13256287679518242
SG_009427,0.15022497824559375
SG_009429,0.12219294757144536
SG_009434,0.15121022881364074
SG_009438,0.15575686639109723
SG_009441,0.16554979732858666
SG_009442,0.1702287784019772
SG_009444,0.2448907246176542
SG_009445,0.19978804590861457
SG_009446,0.1795821539098804
SG_009447,0.13131079601339424
SG_009449,0.17441778157038365
SG_009455,0.13333743667966863
SG_009458,0.249566285524698
SG_009461,0.2530108755553371
SG_009462,0.18192274105025624
SG_009466,0.1655256164043881
SG_009473,0.14906106713855835
SG_009478,0.173014305789399
SG_009479,0.21585592160375333
SG_009481,0.13420820500675315
SG_009485,0.11791725570629712
SG_009490,0.2425392147006922
SG_009496,0.12114515593458214
SG_009500,0.13177361149763517
SG_009502,0.2530108755553371
SG_009504,0.199075065589906
SG_009505,0.136935745769681
SG_009516,0.11791725570629712
SG_009518,0.2395086583690026
SG_009519,0.20551839485714266
SG_009528,0.1419186299342335
SG_009529,0.17480329225213675
SG_009530,0.13609390251612652
SG_009533,0.25020034919980433
SG_009537,0.14327347850969638
SG_009539,0.14622328785656097
SG_009540,0.19273238962394393
SG_009541,0.19182954763596813
SG_009544,0.13420820500675315
SG_009556,0.23118630304436985
SG_009558,0.200867419603774
SG_009566,0.1667019611438942
SG_009567,0.17271590609280654
SG_009569,0.1280716596585314
SG_009573,0.13642263148168468
SG_009577,0.11242887009564634
SG_009581,0.16607400285641727
SG_009582,0.20686662562596342
SG_009584,0.12770935868525338
SG_009585,0.19728639080875712
SG_009589,0.1869895483125453
SG_009592,0.15209049662520494
SG_009593,0.21498941371336625
SG_009602,0.13783356758965506
SG_009614,0.14827796622628803
SG_009616,0.19749073131879957
SG_009618,0.18068915034704344
SG_009619,0.15732438957066958
SG_009620,0.17893972969072533
SG_009622,0.1280716596585314
SG_009630,0.13335793847423058
SG_009632,0.13177361149763517
SG_009639,0.1397799779052449
SG_009649,0.18950725689666065
SG_009651,0.178874626275962
SG_009661,0.10717992681759916
SG_009670,0.16106119624151358
SG_009671,0.17475345941597678
SG_009679,0.1777398387026936
SG_009681,0.11297564836304831
SG_009683,0.15266077873978895
SG_009687,0.23034518467552967
SG_009690,0.22726383942675796
SG_009691,0.21423791401514294
SG_009694,0.18152902619245073
SG_009696,0.20721335819806058
SG_009701,0.20026596150600848
SG_009702,0.13936090252026012
SG_009707,0.1280716596585314
SG_009716,0.1468241465207833
SG_009718,0.17710766916847956
SG_009727,0.15621022959837022
SG_009736,0.11131062664277827
SG_009741,0.16327421548508114
SG_009744,0.1812128066212352
SG_009746,0.13785523110567466
SG_009747,0.1899802060058821
SG_009751,0.16680608668621677
SG_009754,0.1746862431957929
SG_009757,0.1280716596585314
SG_009759,0.16332165988152084
SG_009760,0.24560597804994888
SG_009762,0.14941101653944502
SG_009763,0.15905428963184448
SG_009766,0.11790654877367712
SG_009776,0.1732134438815074
SG_009778,0.20304924189090845
SG_009780,0.2682801003882115
SG_009782,0.2519115967778556
SG_009783,0.14973258609744902
SG_009785,0.1883465173746989
SG_009786,0.19005011223656365
SG_009791,0.1902149983149276
SG_009794,0.13254414642856538
SG_009795,0.17643974107283156
SG_009799,0.18793788995507563
SG_009800,0.23941220836837732
SG_009814,0.20950829299478457
SG_009819,0.18217308876518237
SG_009824,0.15633768103479936
SG_009825,0.2245287474181052
SG_009829,0.16572166698194354
SG_009834,0.1569739189132741
SG_009837,0.1781311945142349
SG_009838,0.13254414642856538
SG_009843,0.21211807081600115
SG_009845,0.1766521477041159
SG_009851,0.17003388591358917
SG_009855,0.19173687427379293
SG_009856,0.14809207565140084
SG_009862,0.16436455403544828
SG_009865,0.1280716596585314
SG_009867,0.16467349861486905
SG_009868,0.1825851554219693
SG_009869,0.13900874938626223
SG_009870,0.15062677205076494
SG_009875,0.1665856133882481
SG_009876,0.19539403387957757
SG_009877,0.17608823779509936
SG_009878,0.25593870010616404
SG_009880,0.22489244222056412
SG_009881,0.14454386708764363
SG_009895,0.26721082275085545
SG_009905,0.21418834439827075
SG_009909,0.17305813849485122
SG_009914,0.1663698366370668
SG_009916,0.15093506204312646
SG_009921,0.1280716596585314
SG_009923,0.22426636682487103
SG_009926,0.19252439810942332
SG_009929,0.25550620742288344
SG_009932,0.1746749473688176
SG_009933,0.14103704282717341
SG_009935,0.1633079913501156
SG_009936,0.12832317447800037
SG_009937,0.13761551153468288
SG_009941,0.16182713330710283
SG_009942,0.17719327674600643
SG_009953,0.2530108755553371
SG_009956,0.14487602930885993
SG_009959,0.15328569651896096
SG_009964,0.15209049662520494
SG_009972,0.17963935116211965
SG_009977,0.14614429477501628
SG_009979,0.1736860704818239
SG_009982,0.13177361149763517
SG_009985,0.24744027589791495
SG_009987,0.10717992681759916
SG_009989,0.1772333811459111
SG_009993,0.15676639092913908
SG_009997,0.16482507464323642
SG_009999,0.1418729875348827
SG_010002,0.1682845830633396
SG_010007,0.15649198804419948
SG_010008,0.13027418861453616
SG_010009,0.12082092479127628
SG_010010,0.197407932494232
SG_010011,0.12365145683194524
SG_010012,0.13254414642856538
SG_010014,0.15481749703408884
SG_010015,0.1554894356501192
SG_010019,0.13241527105614206
SG_010020,0.15209049662520494
SG_010021,0.1835118641475133
SG_010024,0.13254414642856538
SG_010025,0.13420820500675315
SG_010034,0.1544413802245581
SG_010037,0.14442755777383287
SG_010038,0.1866420900710935
SG_010042,0.20380154662798716
SG_010045,0.180773188673551
SG_010047,0.12868348412392677
SG_010048,0.14707312269184358
SG_010050,0.177383441093087
SG_010052,0.15022497824559375
SG_010058,0.23118630304436985
SG_010061,0.19007290057044382
SG_010068,0.13995972944098062
SG_010069,0.16478671115640278
SG_010074,0.15803601813844476
SG_010078,0.10859277433984935
SG_010081,0.1616537114952758
SG_010084,0.17542545919909436
SG_010085,0.136562552374695
SG_010086,0.27369678006333464
SG_010088,0.13948894354132227
SG_010091,0.12219294757144536
SG_010092,0.2634941564097443
SG_010099,0.15357276546919765
SG_010101,0.16070705281105324
SG_010103,0.14197864688947526
SG_010104,0.17823233072621705
SG_010106,0.18949087063379205
SG_010109,0.1664600990320025
SG_010115,0.1280716596585314
SG_010116,0.23779655011958437
SG_010117,0.2069085920623999
SG_010123,0.21718383889485465
SG_010130,0.11990010759817936
SG_010132,0.10961813828972812
SG_010134,0.21245764428338543
SG_010142,0.2058850700118765
SG_010144,0.17177874265826207
SG_010146,0.12701501690714098
SG_010151,0.12682006033930565
SG_010153,0.2530108755553371
SG_010155,0.16420250320660132
SG_010157,0.24238925852357174
SG_010165,0.1422077018535381
SG_010166,0.11297564836304831
SG_010169,0.14976069505987916
SG_010170,0.12868348412392677
SG_010172,0.1556043484915115
SG_010173,0.16703294793970522
SG_010174,0.15996707386537667
SG_010175,0.17826632966051073
SG_010176,0.17174597262886337
SG_010182,0.15463330288272664
SG_010183,0.15903649802835673
SG_010184,0.18226306743247028
SG_010187,0.13254414642856538
SG_010195,0.14030677676056616
SG_010198,0.2144385776559631
SG_010199,0.16818050035135912
SG_010200,0.12701501690714098
SG_010204,0.17710766916847956
SG_010206,0.15481749703408884
SG_010208,0.18903514049022713
SG_010209,0.13863285929843486
SG_010210,0.16787172350704432
SG_010213,0.13923644407184152
SG_010217,0.1397799779052449
SG_010226,0.15146618842830745
SG_010227,0.13420820500675315
SG_010234,0.13254414642856538
SG_010235,0.15169824725799058
SG_010238,0.25310667056325753
SG_010241,0.14252931396935586
SG_010242,0.1474292621891947
SG_010243,0.14056988146721072
SG_010246,0.158991837748303
SG_010252,0.18421698998594524
SG_010253,0.2530108755553371
SG_010256,0.20922968107358117
SG_010257,0.15183958650649207
SG_010258,0.13493655763931287
SG_010259,0.2133449406190303
SG_010261,0.19320521929926715
SG_010263,0.12701501690714098
SG_010265,0.13161254862377658
SG_010267,0.1280716596585314
SG_010271,0.1549028939608563
SG_010273,0.18792173236913612
SG_010274,0.15481749703408884
SG_010277,0.1540576271644056
SG_010284,0.1280716596585314
SG_010286,0.13254414642856538
SG_010287,0.2530108755553371
SG_010288,0.1280716596585314
SG_010293,0.16653870794768777
SG_010294,0.249566285524698
SG_010298,0.18338091067301776
SG_010306,0.1481862154779374
SG_010313,0.16416181682043923
SG_010315,0.20831822751373202
SG_010316,0.1718566178700137
SG_010319,0.1424549410676173
SG_010320,0.23553001938162102
SG_010322,0.15867447356537598
SG_010323,0.24800323782079528
SG_010326,0.1554054704314296
SG_010328,0.199424496231177
SG_010329,0.247657863794197
SG_010330,0.19484328876586438
SG_010332,0.1280716596585314
SG_010336,0.19487087311847787
SG_010344,0.20276522054904966
SG_010347,0.230101439626937
SG_010350,0.1512384175712343
SG_010352,0.26333217076298543
SG_010354,0.15391017614884633
SG_010358,0.1485761521028397
SG_010371,0.13580925671610564
SG_010373,0.19173687427379293
SG_010379,0.1280716596585314
SG_010386,0.17805129653506907
SG_010393,0.1498826611206468
SG_010394,0.16378430560114773
SG_010399,0.15613917483570894
SG_010401,0.1280716596585314
SG_010404,0.15181937840272097
SG_010406,0.14327347850969638
SG_010407,0.15803601813844476
SG_010409,0.2530108755553371
SG_010412,0.16521135244225074
SG_010418,0.13177361149763517
SG_010420,0.11242887009564634
SG_010424,0.25130515077939325
SG_010425,0.14931710784609412
SG_010428,0.2530108755553371
SG_010430,0.26324019197999415
SG_010431,0.19763757660667233
SG_010435,0.14703116403051494
SG_010442,0.249566285524698
SG_010455,0.1819307235470401
SG_010459,0.12737219019183613
SG_010460,0.16957311999921826
SG_010461,0.19005006415526732
SG_010462,0.13246619652856909
SG_010465,0.10717992681759916
SG_010467,0.14631074490239446
SG_010469,0.1614510212543049
SG_010470,0.15173615290241724
SG_010472,0.11242887009564634
SG_010475,0.19714187202385694
SG_010477,0.16342110231912288
SG_010481,0.1727885138010769
SG_010482,0.15221382376889678
SG_010483,0.1944128557287424
SG_010485,0.1511420362884616
SG_010486,0.14400455349976768
SG_010487,0.21765353279831073
SG_010490,0.1825851554219693
SG_010492,0.13987941717278485
SG_010493,0.1310841013738525
SG_010495,0.15490132217204933
SG_010498,0.16787172350704432
SG_010499,0.16820513455030242
SG_010501,0.19360109841119633
SG_010503,0.12737219019183613
SG_010505,0.1811844196851915
SG_010506,0.13335793847423058
SG_010507,0.13254414642856538
SG_010509,0.16381049534887726
SG_010510,0.172748609115595
SG_010515,0.21448274609527046
SG_010517,0.17458832976480024
SG_010518,0.16482507464323642
SG_010531,0.2163263685355239
SG_010546,0.24641426201045236
SG_010547,0.13715345545044738
SG_010550,0.1498373657174914
SG_010552,0.11675160413981027
SG_010553,0.1676215688438318
SG_010555,0.1671096415997796
SG_010561,0.12701501690714098
SG_010562,0.1864191365689856
SG_010563,0.17756499147910862
SG_010569,0.1425599930878735
SG_010571,0.13777300261882358
SG_010577,0.14109857314270213
SG_010578,0.1280716596585314
SG_010579,0.1828832498542983
SG_010582,0.16853516266470822
SG_010585,0.158991837748303
SG_010586,0.17645433522759996
SG_010588,0.11297564836304831
SG_010589,0.10717992681759916
SG_010590,0.2530108755553371
SG_010592,0.24077543394281042
SG_010594,0.15621022959837022
SG_010598,0.17231397158201583
SG_010600,0.1815195318545665
SG_010607,0.1474584234798331
SG_010611,0.18614408925711678
SG_010615,0.26324019197999415
SG_010616,0.1503931024230129
SG_010619,0.13420820500675315
SG_010627,0.12868348412392677
SG_010634,0.1280716596585314
SG_010635,0.16500376116134424
SG_010636,0.15551386032576975
SG_010649,0.2034746575131518
SG_010651,0.16500376116134424
SG_010653,0.1311644378134183
SG_010655,0.13254414642856538
SG_010659,0.17907283509458066
SG_010662,0.25130515077939325
SG_010664,0.16102671067743873
SG_010666,0.16493243577227223
SG_010668,0.13081288012571773
SG_010670,0.24477939835217294
SG_010673,0.16679954903008776
SG_010674,0.17758633474918592
SG_010679,0.2426809800427469
SG_010684,0.24800323782079528
SG_010685,0.13254414642856538
SG_010690,0.10717992681759916
SG_010696,0.18976017776806042
SG_010700,0.16367354199262338
SG_010707,0.15866675156005575
SG_010708,0.1391210214219195
SG_010713,0.2281548602229446
SG_010717,0.1530359919904466
SG_010718,0.16221855223857917
SG_010721,0.20709855520752626
SG_010722,0.1280716596585314
SG_010726,0.17841958527155463
SG_010729,0.14728579363799366
SG_010733,0.1812128066212352
SG_010734,0.13843604075236768
SG_010737,0.15290720764075758
SG_010739,0.15256050957679151
SG_010745,0.18272291824681158
SG_010752,0.12832317447800037
SG_010753,0.18476786096700026
SG_010757,0.11791725570629712
SG_010760,0.18743648711008679
SG_010763,0.18741390842557773
SG_010769,0.17609576050141018
SG_010772,0.18627408583707653
SG_010773,0.12701501690714098
SG_010774,0.1318382970886083
SG_010781,0.1384167119987965
SG_010784,0.13079106016080297
SG_010789,0.14952908595766376
SG_010791,0.16752106454358137
SG_010795,0.24800323782079528
SG_010796,0.1812128066212352
SG_010798,0.15894970719912735
SG_010801,0.14400455349976768
SG_010803,0.2151015002235449
SG_010808,0.16591722804717998
SG_010809,0.16787172350704432
SG_010810,0.19964922828728796
SG_010814,0.24712472166664354
SG_010816,0.1281583741326336
SG_010818,0.12701501690714098
SG_010824,0.22985444470950123
SG_010828,0.19074901099138333
SG_010830,0.1874588859600927
SG_010831,0.11791725570629712
SG_010837,0.25550620742288344
SG_010843,0.1280716596585314
SG_010844,0.2530108755553371
SG_010845,0.1280716596585314
SG_010846,0.12832317447800037
SG_010847,0.15438253473140182
SG_010853,0.15391017614884633
SG_010857,0.13031156106973826
SG_010860,0.18420946922374504
SG_010863,0.13254414642856538
SG_010865,0.19126883560199193
SG_010870,0.18712692738976777
SG_010871,0.2353230395681393
SG_010872,0.1424549410676173
SG_010876,0.1904993954411755
SG_010881,0.14454939220649063
SG_010882,0.1509104683935908
SG_010884,0.22189025683646987
SG_010887,0.11297564836304831
SG_010888,0.19058402903372462
SG_010889,0.1820776994098658
SG_010894,0.2629784063841052
SG_010896,0.15209040799140564
SG_010898,0.16496767765205556
SG_010902,0.11297564836304831
SG_010904,0.24423956788042805
SG_010907,0.22796631904971854
SG_010911,0.17598966298943297
SG_010922,0.14831566301598698
SG_010930,0.1349866634198667
SG_010946,0.24800323782079528
SG_010951,0.1354476998977929
SG_010956,0.2241147407114618
SG_010960,0.2530108755553371
SG_010961,0.13420820500675315
SG_010962,0.1710124540665614
SG_010969,0.15976262284711926
SG_010971,0.11595595837863339
SG_010973,0.27466256876059375
SG_010974,0.13254414642856538
SG_010977,0.1280716596585314
SG_010982,0.13254414642856538
SG_010985,0.1980256604562006
SG_010986,0.1555835560163887
SG_010987,0.15613917483570894
SG_010993,0.12812078608708685
SG_010995,0.15615828605631338
SG_010998,0.2929560610714636
SG_011003,0.1947621649895383
SG_011010,0.11297564836304831
SG_011012,0.15839824032058145
SG_011016,0.20460125783478958
SG_011017,0.15677819891045147
SG_011025,0.1371235149409374
SG_011031,0.2530108755553371
SG_011050,0.11180387962970459
SG_011052,0.15411040991350716
SG_011053,0.24036030651734172
SG_011055,0.1280716596585314
SG_011057,0.2070413149142607
SG_011060,0.11791725570629712
SG_011073,0.15512829045901014
SG_011075,0.16090707682780966
SG_011077,0.15970573596940174
SG_011088,0.17011276185466823
SG_011089,0.12701501690714098
SG_011097,0.1514681168413834
SG_011107,0.15633768103479936
SG_011110,0.15742461309045985
SG_011117,0.1280716596585314
SG_011120,0.17440144549459233
SG_011132,0.15677751683632365
SG_011133,0.1617826662062598
SG_011139,0.30451598963527404
SG_011143,0.21126723365620678
SG_011144,0.11476755758864636
SG_011147,0.20866562160832194
SG_011148,0.1812128066212352
SG_011151,0.1389792998505939
SG_011152,0.21998502493677954
SG_011154,0.15263070606158513
SG_011158,0.20988865301445378
SG_011159,0.22527802204538724
SG_011160,0.23668276582619152
SG_011161,0.249566285524698
SG_011162,0.1812128066212352
SG_011164,0.13882095630375102
SG_011169,0.13994907047555852
SG_011170,0.16537288193105937
SG_011175,0.1361439420506141
SG_011176,0.17609271148803038
SG_011177,0.15451755923452729
SG_011182,0.17668042478109228
SG_011184,0.1923865103788032
SG_011186,0.15724979266188313
SG_011190,0.1319346855251103
SG_011192,0.2530108755553371
SG_011199,0.14772712615608935
SG_011200,0.14360691968687403
SG_011201,0.1280716596585314
SG_011203,0.17641367607944902
SG_011208,0.268618633262011
SG_011212,0.15880991545041587
SG_011214,0.15947303278830074
SG_011221,0.24744027589791495
SG_011222,0.16669393386101766
SG_011224,0.15562622610386206
SG_011226,0.18284144298362656
SG_011235,0.18403530031896448
SG_011239,0.11675160413981027
SG_011250,0.13632773176358834
SG_011257,0.18489911580368137
SG_011259,0.18698411803814874
SG_011261,0.12879899988023422
SG_011262,0.186283925388054
SG_011266,0.1744581792462082
SG_011274,0.1280716596585314
SG_011275,0.11573868127953704
SG_011279,0.13994907047555852
SG_011280,0.1686733028932298
SG_011285,0.12219294757144536
SG_011291,0.18498030455084635
SG_011294,0.12087266801132909
SG_011298,0.14056285274355462
SG_011303,0.16468172288197003
SG_011304,0.15364653185292088
SG_011306,0.17373831232677292
SG_011307,0.1518380151691499
SG_011308,0.18281604524270273
SG_011309,0.16092014466243337
SG_011310,0.13844170523897725
SG_011312,0.19122712026062227
SG_011313,0.2491467964584379
SG_011327,0.1513817268093274
SG_011333,0.11265363373882178
SG_011335,0.18531478985976438
SG_011337,0.15460531854833767
SG_011340,0.10717992681759916
SG_011343,0.1496011230626659
SG_011345,0.16976212786656408
SG_011347,0.18887910612426992
SG_011350,0.14317308012934407
SG_011357,0.14400455349976768
SG_011360,0.1555835560163887
SG_011361,0.21523519650068118
SG_011367,0.139611014189142
SG_011371,0.1633079913501156
SG_011376,0.11791725570629712
SG_011377,0.18751520145332187
SG_011380,0.18120039509590885
SG_011381,0.13994907047555852
SG_011383,0.1280716596585314
SG_011398,0.1498638489511625
SG_011401,0.18186961551324818
SG_011413,0.1591958352654679
SG_011416,0.1671107354105311
SG_011420,0.1659587231078426
SG_011429,0.1356604012940218
SG_011432,0.11131062664277827
SG_011437,0.1784456095821508
SG_011443,0.1750677081252247
SG_011447,0.24744027589791495
SG_011450,0.1599271810293873
SG_011457,0.1664311107360488
SG_011458,0.1820367306601804
SG_011460,0.19397868219507503
SG_011464,0.1444059930981373
SG_011468,0.1237762608145903
SG_011469,0.19903955435621887
SG_011473,0.20332858964522674
SG_011475,0.22487782655042807
SG_011479,0.16678283750549508
SG_011482,0.19062913093001074
SG_011483,0.19182954763596813
SG_011492,0.18014963203929685
SG_011493,0.15334127003055503
SG_011497,0.13081288012571773
SG_011503,0.13420820500675315
SG_011504,0.19095948255504377
SG_011505,0.14626690288399466
SG_011512,0.15244360823754058
SG_011519,0.13557563621834362
SG_011526,0.19245700289972803
SG_011527,0.16192527507800963
SG_011528,0.1309694083977749
SG_011532,0.1280716596585314
SG_011541,0.14624318039375211
SG_011544,0.16665406794406273
SG_011547,0.1837927329582729
SG_011548,0.25089257744283017
SG_011552,0.1641144287573881
SG_011566,0.16257632512792472
SG_011567,0.23368440063429924
SG_011569,0.13580925671610564
SG_011575,0.16737048252743345
SG_011576,0.24560597804994888
SG_011577,0.17826632966051073
SG_011581,0.17793717606902001
SG_011584,0.20073454590251166
SG_011586,0.1984585137793932
SG_011593,0.19187710910750003
SG_011597,0.11791725570629712
SG_011598,0.16173861010575313
SG_011602,0.13713884168987348
SG_011605,0.1763680121285741
SG_011607,0.1495363941892789
SG_011612,0.25550620742288344
SG_011616,0.2075151100304925
SG_011617,0.18694819842432128
SG_011620,0.19007290057044382
SG_011622,0.17698086712688993
SG_011625,0.13177361149763517
SG_011626,0.21543885343577696
SG_011627,0.2504036701820488
SG_011632,0.17890707696774627
SG_011633,0.2448907246176542
SG_011635,0.24036630301565584
SG_011638,0.22426882657119773
SG_011640,0.17285272608999327
SG_011645,0.1345177472668334
SG_011649,0.16682841688829586
SG_011656,0.13420820500675315
SG_011662,0.13936090252026012
SG_011663,0.14707312269184358
SG_011666,0.15044774468788638
SG_011672,0.12219294757144536
SG_011673,0.15676639092913908
SG_011676,0.24800323782079528
SG_011678,0.13420820500675315
SG_011682,0.1899822040218125
SG_011683,0.13855518469167655
SG_011684,0.12737219019183613
SG_011691,0.18226306743247028
SG_011694,0.1255119609725958
SG_011695,0.16047059478400308
SG_011697,0.23694268552056366
SG_011699,0.1280716596585314
SG_011701,0.19173687427379293
SG_011704,0.16566633226285857
SG_011705,0.199299992823247
SG_011708,0.15795170264215502
SG_011714,0.18208849809107622
SG_011715,0.15618642117965464
SG_011720,0.14685475053942101
SG_011721,0.15345023202768182
SG_011727,0.13254414642856538
SG_011728,0.20450304375213432
SG_011729,0.16649890355353703
SG_011731,0.14594071918169563
SG_011736,0.16206204765296015
SG_011737,0.14971228898993463
SG_011747,0.1518397341767678
SG_011749,0.23527793528683955
SG_011750,0.1984555376443719
SG_011752,0.16418724173211804
SG_011757,0.18565406212294483
SG_011764,0.20593660518266946
SG_011767,0.13983633092638176
SG_011769,0.249566285524698
SG_011770,0.23760080365896685
SG_011772,0.25089257744283017
SG_011773,0.13843604075236768
SG_011777,0.22172406923553198
SG_011779,0.14209061849249685
SG_011780,0.17338339615286474
SG_011786,0.20420041403620756
SG_011787,0.17608002232621717
SG_011789,0.15022497824559375
SG_011796,0.10961813828972812
SG_011799,0.15900119505313628
SG_011801,0.11476755758864636
SG_011802,0.17151837569279874
SG_011806,0.13804477941863982
SG_011812,0.1909001594109666
SG_011814,0.24354082158514548
SG_011815,0.14855165569683085
SG_011816,0.2340362795858173
SG_011830,0.1956120196584258
SG_011833,0.12219294757144536
SG_011843,0.1945053339753368
SG_011853,0.15320734248749604
SG_011855,0.1518161479154611
SG_011858,0.11242887009564634
SG_011861,0.12879899988023422
SG_011863,0.18159315457530298
SG_011864,0.20875560617724873
SG_011868,0.2649093678592701
SG_011869,0.17966546845448675
SG_011871,0.24800323782079528
SG_011886,0.11791725570629712
SG_011889,0.14312404827011294
SG_011890,0.16871320124114955
SG_011894,0.15551386032576975
SG_011896,0.14004456095497822
SG_011898,0.11362903095718259
SG_011900,0.18841227773244035
SG_011918,0.1523243298909384
SG_011922,0.12832317447800037
SG_011925,0.13749253034493994
SG_011926,0.15280309146514398
SG_011927,0.24800323782079528
SG_011931,0.18177775958462028
SG_011933,0.13125541864224718
SG_011936,0.11180387962970459
SG_011939,0.11297564836304831
SG_011940,0.13843604075236768
SG_011953,0.16454528863262502
SG_011955,0.22419488863773263
SG_011956,0.1939630158124806
SG_011959,0.16403133934187114
SG_011961,0.1578132583630538
SG_011962,0.21965088798107113
SG_011966,0.23628950394531156
SG_011969,0.16223417413965546
SG_011971,0.13349381897608667
SG_011977,0.1774656822681087
SG_011978,0.15555834370291402
SG_011983,0.13081288012571773
SG_011986,0.12577225427244126
SG_011988,0.12682006033930565
SG_011993,0.150004119742868
SG_011995,0.2426809800427469
SG_011996,0.14476582060444518
SG_011997,0.15551005842534793
SG_012000,0.1566497155343935
SG_012013,0.16787172350704432
SG_012018,0.161424534774477
SG_012019,0.1422077018535381
SG_012020,0.19320820504758435
SG_012022,0.1525379579601557
SG_012031,0.17826632966051073
SG_012040,0.1811844196851915
SG_012041,0.14661642936232225
SG_012048,0.1303951952796257
SG_012050,0.15538433824448697
SG_012051,0.12812078608708685
SG_012052,0.19007397966290304
SG_012064,0.18272291824681158
SG_012066,0.1237762608145903
SG_012068,0.15779638394674247
SG_012076,0.19003878697239385
SG_012077,0.16014420361811138
SG_012078,0.1639996792265168
SG_012079,0.1280716596585314
SG_012080,0.15812579144763383
SG_012081,0.18182890148405864
SG_012082,0.13420820500675315
SG_012086,0.19202498303969706
SG_012089,0.15202411404669264
SG_012097,0.13131079601339424
SG_012104,0.16478198142768005
SG_012108,0.18298472731093915
SG_012113,0.17609576050141018
SG_012119,0.24800323782079528
SG_012124,0.1865637991242581
SG_012125,0.1332501037599233
SG_012141,0.22068193184254528
SG_012143,0.16934839820547556
SG_012145,0.16094367109837832
SG_012148,0.15253242856209498
SG_012150,0.1913908305413423
SG_012162,0.17826632966051073
SG_012165,0.18610773426009014
SG_012166,0.1822656428963348
SG_012167,0.11956812208928641
SG_012168,0.12737219019183613
SG_012169,0.15034657233311108
SG_012170,0.11265363373882178
SG_012175,0.17258192635468822
SG_012176,0.17103614778544743
SG_012177,0.1556043484915115
SG_012181,0.2792096838212581
SG_012186,0.2491467964584379
SG_012190,0.1669421866433721
SG_012192,0.27466256876059375
SG_012194,0.16769833076979543
SG_012195,0.14457108837199686
SG_012198,0.18772506247102136
SG_012199,0.1513817268093274
SG_012205,0.26887895967655145
SG_012206,0.19865623663897083
SG_012211,0.13838793719179193
SG_012212,0.1556614377279153
SG_012213,0.15680838628661192
SG_012216,0.22053084301031328
SG_012217,0.24800323782079528
SG_012218,0.249566285524698
SG_012220,0.14981356457539807
SG_012225,0.1774656822681087
SG_012230,0.13730948229764336
SG_012232,0.14006656232757575
SG_012234,0.15683389439195605
SG_012238,0.16182986217291048
SG_012241,0.1513817268093274
SG_012243,0.1309694083977749
SG_012247,0.13657663251866162
SG_012253,0.14254826841734813
SG_012258,0.21274321439679839
SG_012260,0.15130822921378043
SG_012263,0.17940333857712076
SG_012264,0.2367545943743013
SG_012266,0.25020034919980433
SG_012270,0.1341713831110207
SG_012272,0.1472391149830764
SG_012276,0.156892289828648
SG_012277,0.15564606787828122
SG_012278,0.15244360823754058
SG_012279,0.18282670723757158
SG_012280,0.2326964573345999
SG_012281,0.21177191822555383
SG_012283,0.22297632035668702
SG_012284,0.20298838859925322
SG_012285,0.19340514227415986
SG_012290,0.1662263461546734
SG_012293,0.16673769121783455
SG_012301,0.19195580896500294
SG_012305,0.18934430757117152
SG_012307,0.18534315060858406
SG_012308,0.15121022881364074
SG_012310,0.16781373375366473
SG_012312,0.2929560610714636
SG_012313,0.13177361149763517
SG_012316,0.15138268599778862
SG_012321,0.15672635798221518
SG_012322,0.1601537460986051
SG_012326,0.15093506204312646
SG_012334,0.15327595186364634
SG_012336,0.1609861087494504
SG_012337,0.17358156808643158
SG_012339,0.17683982977683307
SG_012340,0.12832317447800037
SG_012345,0.12219294757144536
SG_012355,0.24350275844243163
SG_012362,0.1900707405394201
SG_012363,0.15702214051659255
SG_012368,0.2426809800427469
SG_012375,0.15955783843491203
SG_012378,0.13254414642856538
SG_012381,0.1280716596585314
SG_012384,0.14949812064131796
SG_012390,0.19320521929926715
SG_012393,0.18194842540738404
SG_012397,0.11087988868280993
SG_012400,0.12832317447800037
SG_012402,0.1958494808725519
SG_012410,0.23694268552056366
SG_012414,0.1534760558875769
SG_012419,0.2504507128617195
SG_012420,0.24350275844243163
SG_012422,0.25593870010616404
SG_012423,0.19680449189836755
SG_012424,0.13819862423683318
SG_012427,0.16466721896257386
SG_012432,0.1525027189176612
SG_012436,0.249566285524698
SG_012437,0.17519090720754674
SG_012438,0.19135096923227854
SG_012444,0.1390527335876899
SG_012446,0.10717992681759916
SG_012452,0.2550891044982618
SG_012453,0.11791725570629712
SG_012456,0.16418724173211804
SG_012459,0.14610279673510604
SG_012468,0.12868348412392677
SG_012470,0.1940017610004097
SG_012480,0.1397799779052449
SG_012484,0.15747589424233388
SG_012489,0.1280716596585314
SG_012493,0.19320521929926715
SG_012495,0.1822366894680309
SG_012499,0.24726420895567403
SG_012501,0.10994149420047783
SG_012502,0.1593310659548847
SG_012504,0.17826632966051073
SG_012506,0.10994149420047783
SG_012509,0.20031334941028317
SG_012510,0.25593870010616404
SG_012513,0.15481749703408884
SG_012519,0.19551115615688167
SG_012520,0.16582087285328873
SG_012521,0.10717992681759916
SG_012525,0.16557441368639292
SG_012527,0.17989582648687463
SG_012531,0.24350275844243163
SG_012533,0.24800323782079528
SG_012538,0.11579654538114059
SG_012539,0.2866502750173955
SG_012548,0.13420820500675315
SG_012550,0.15069422052390244
SG_012552,0.12868348412392677
SG_012556,0.15179143636605338
SG_012561,0.22179332446865288
SG_012562,0.10859277433984935
SG_012563,0.1843365229043045
SG_012564,0.21626053934092468
SG_012567,0.11131062664277827
SG_012568,0.2530108755553371
SG_012571,0.1585847611311047
SG_012575,0.1280716596585314
SG_012579,0.1616196429927917
SG_012588,0.13177361149763517
SG_012591,0.2054427548523418
SG_012594,0.16607400285641727
SG_012596,0.13254414642856538
SG_012600,0.15742461309045985
SG_012601,0.13657663251866162
SG_012603,0.15936216598497235
SG_012606,0.1280716596585314
SG_012609,0.26224896887566573
SG_012610,0.13241527105614206
SG_012615,0.18907564559810264
SG_012616,0.18443043850544957
SG_012619,0.16190416770610375
SG_012623,0.2176236322187965
SG_012628,0.14200259820673056
SG_012630,0.20526551339037585
SG_012632,0.17133375238834198
SG_012636,0.24712472166664354
SG_012640,0.1280716596585314
SG_012643,0.2161090020056394
SG_012648,0.25077613692776063
SG_012651,0.13013763810510884
SG_012654,0.21845602995783425
SG_012660,0.18587392137732886
SG_012661,0.19173687427379293
SG_012663,0.1789926022159462
SG_012669,0.13935078892415786
SG_012674,0.15943446445544995
SG_012680,0.19472034545131997
SG_012684,0.14407894140729624
SG_012688,0.14686305490232923
SG_012690,0.17175325794341312
SG_012697,0.15460612729271128
SG_012699,0.16425091831546948
SG_012701,0.11242887009564634
SG_012705,0.2426809800427469
SG_012709,0.19227674402282957
SG_012710,0.2597047544105486
SG_012715,0.1618023835688901
SG_012716,0.16500376116134424
SG_012718,0.15805401765021196
SG_012723,0.14014769022485818
SG_012724,0.17707395215309485
SG_012730,0.1741006699948409
SG_012734,0.17911790038665001
SG_012736,0.1383577704079976
SG_012738,0.14208099960055526
SG_012747,0.20435262789812217
SG_012749,0.23035038148302017
SG_012750,0.14383613961751532
SG_012753,0.1606613865274984
SG_012754,0.19231082954003945
SG_012757,0.15724979266188313
SG_012763,0.16889169992117628
SG_012764,0.1639057267559219
SG_012767,0.20126358214443046
SG_012768,0.1465883103295579
SG_012773,0.14855165569683085
SG_012775,0.1237762608145903
SG_012777,0.18272291824681158
SG_012786,0.2326080823942719
SG_012787,0.20366710117664277
SG_012792,0.15226495250057476
SG_012797,0.21613048400704593
SG_012805,0.12832317447800037
SG_012808,0.1789926022159462
SG_012810,0.16582087285328873
SG_012819,0.19142783051912976
SG_012821,0.2530108755553371
SG_012822,0.19173687427379293
SG_012831,0.13254414642856538
SG_012844,0.22083152615854576
SG_012845,0.12577225427244126
SG_012848,0.1303951952796257
SG_012849,0.15621517507984709
SG_012851,0.2004267775309317
SG_012859,0.12737219019183613
SG_012861,0.158991837748303
SG_012869,0.2530108755553371
SG_012870,0.16389931022320864
SG_012873,0.2086686018881222
SG_012874,0.2012673218132718
SG_012883,0.14520995557932753
SG_012886,0.19362092774664666
SG_012887,0.13643785607511807
SG_012888,0.24016481749212681
SG_012891,0.12701501690714098
SG_012898,0.14030677676056616
SG_012905,0.19167185967597872
SG_012910,0.19481379089742562
SG_012913,0.13254414642856538
SG_012918,0.25593870010616404
SG_012919,0.21631671349860582
SG_012920,0.17737888465842117
SG_012923,0.1494108612281663
SG_012924,0.15881101372358727
SG_012926,0.25593870010616404
SG_012936,0.21013535758200413
SG_012938,0.15557576895552702
SG_012940,0.15426941283516357
SG_012945,0.17120603758752675
SG_012949,0.19600866574367903
SG_012958,0.24036030651734172
SG_012962,0.18992311320706054
SG_012967,0.1580753647224918
SG_012968,0.12701501690714098
SG_012970,0.17203769415189837
SG_012972,0.15676702460318656
SG_012978,0.1507295071277607
SG_012979,0.15875800259734654
SG_012980,0.19559020391355617
SG_012981,0.24919713171046629
SG_012983,0.16509108586205207
SG_012984,0.19897505780412983
SG_012989,0.16493723526989335
SG_012994,0.17391297495472322
SG_012997,0.16095171794974764
SG_013002,0.15552385314895467
SG_013009,0.15954319174538048
SG_013017,0.11242887009564634
SG_013023,0.25089257744283017
SG_013028,0.14638054404562723
SG_013030,0.15803601813844476
SG_013033,0.20705758986334838
SG_013042,0.15345711539814844
SG_013043,0.17647523557847503
SG_013045,0.20222834170184903
SG_013063,0.1786630464006081
SG_013064,0.16623940071693102
SG_013065,0.13420820500675315
SG_013068,0.25064344092279256
SG_013070,0.14081895832110333
SG_013071,0.1735794366133314
SG_013072,0.1574388936573182
SG_013077,0.17029769069497272
SG_013080,0.2491467964584379
SG_013082,0.17026210073534356
SG_013083,0.13254414642856538
SG_013085,0.16192178067580898
SG_013086,0.17168394476483362
SG_013093,0.15765534660296945
SG_013094,0.1797429789917665
SG_013096,0.18155788806944453
SG_013104,0.25550620742288344
SG_013108,0.14651593915528363
SG_013111,0.15976262284711926
SG_013112,0.20154750903541382
SG_013115,0.15936317660398092
SG_013117,0.17387357831813363
SG_013125,0.14339237554802273
SG_013127,0.13420820500675315
SG_013135,0.17516113640862493
SG_013138,0.21652956031823473
SG_013139,0.1237762608145903
SG_013141,0.1898194572619548
SG_013149,0.17598657768004075
SG_013150,0.2530108755553371
SG_013157,0.17444105619607558
SG_013159,0.20538735754295903
SG_013166,0.19731375130629591
SG_013172,0.24560597804994888
SG_013177,0.17165238733412458
SG_013178,0.14640796431428788
SG_013187,0.1280716596585314
SG_013196,0.13031156106973826
SG_013201,0.2530108755553371
SG_013202,0.13361370966516975
SG_013212,0.13682662340688764
SG_013219,0.1409379073453007
SG_013222,0.12997979896830417
SG_013223,0.21335580623343217
SG_013224,0.1958494808725519
SG_013233,0.13081288012571773
SG_013237,0.1237762608145903
SG_013245,0.15481749703408884
SG_013249,0.13254414642856538
SG_013250,0.14869341715375667
SG_013260,0.12604205828167592
SG_013264,0.15173615290241724
SG_013266,0.15645909302322156
SG_013267,0.24636503692870212
SG_013269,0.11990010759817936
SG_013273,0.24696972029512576
SG_013276,0.1556693072409493
SG_013280,0.1687517256535865
SG_013281,0.15094971778878827
SG_013282,0.14200259820673056
SG_013288,0.16224986470987454
SG_013292,0.13177361149763517
SG_013294,0.18931949168509626
SG_013297,0.11242887009564634
SG_013304,0.14239118274370027
SG_013311,0.1784018955262946
SG_013313,0.20955922111964218
SG_013314,0.1611231319372598
SG_013315,0.2577762046352487
SG_013317,0.26262833283519443
SG_013321,0.1625640049626583
SG_013323,0.14451925534292182
SG_013327,0.11579654538114059
SG_013328,0.13841315171190258
SG_013332,0.15724979266188313
SG_013337,0.2246170243684254
SG_013338,0.18833801583514095
SG_013339,0.15099575720137554
SG_013340,0.1508806108425742
SG_013342,0.13081288012571773
SG_013344,0.11148478512800994
SG_013345,0.16232977125582693
SG_013347,0.15391017614884633
SG_013348,0.1237762608145903
SG_013356,0.1902149983149276
SG_013358,0.2142869227696928
SG_013359,0.15997336590856584
SG_013360,0.14400455349976768
SG_013361,0.13254414642856538
SG_013362,0.15555483121422983
SG_013366,0.15081638260845265
SG_013371,0.19396287975300483
SG_013372,0.17424743398695436
SG_013374,0.249566285524698
SG_013380,0.12986652392950637
SG_013383,0.190493760052635
SG_013384,0.1735043576423484
SG_013391,0.20226749314179998
SG_013392,0.17651236573090873
SG_013393,0.1495363941892789
SG_013396,0.25064344092279256
SG_013400,0.24800323782079528
SG_013404,0.19346512625023343
SG_013412,0.15161388871406487
SG_013413,0.21510596568051077
SG_013414,0.1522422864516323
SG_013418,0.21215618344372086
SG_013420,0.14150207115473376
SG_013421,0.18775743539888504
SG_013424,0.20256180387831285
SG_013427,0.17013374889284044
SG_013430,0.17008275454708058
SG_013435,0.24800323782079528
SG_013438,0.18851095539692952
SG_013440,0.14809207565140084
SG_013443,0.263038922986286
SG_013444,0.1789926022159462
SG_013446,0.10717992681759916
SG_013447,0.15422687923718006
SG_013452,0.14056285274355462
SG_013454,0.15136612620967962
SG_013456,0.13332523497565774
SG_013462,0.1424549410676173
SG_013463,0.18641065123638836
SG_013464,0.1318382970886083
SG_013468,0.10994149420047783
SG_013472,0.16464744485846813
SG_013474,0.19266601061810656
SG_013477,0.1280716596585314
SG_013480,0.12701501690714098
SG_013485,0.13254414642856538
SG_013486,0.15837772399238056
SG_013487,0.15043563092541493
SG_013491,0.17626199276934962
SG_013495,0.1951654106509465
SG_013499,0.15026437762891434
SG_013504,0.2530108755553371
SG_013508,0.17436289610826008
SG_013509,0.13254414642856538
SG_013515,0.18225670814333267
SG_013523,0.12796912183518216
SG_013528,0.18220576633798757
SG_013538,0.17412040551254077
SG_013542,0.15742461309045985
SG_013543,0.1447958574317162
SG_013544,0.19686890797959164
SG_013545,0.23754977248132006
SG_013546,0.12701501690714098
SG_013548,0.2487714592514146
SG_013549,0.22696743385722506
SG_013552,0.2504555793374981
SG_013553,0.16451963546373158
SG_013554,0.17588387273063094
SG_013557,0.17634450138292065
SG_013558,0.1631073848326109
SG_013561,0.22273458204783964
SG_013563,0.14400455349976768
SG_013565,0.12577225427244126
SG_013567,0.13657663251866162
SG_013568,0.14266297920516235
SG_013571,0.17321308170437025
SG_013574,0.18098207332069124
SG_013575,0.13521953573327386
SG_013578,0.25550620742288344
SG_013579,0.22297632035668702
SG_013580,0.17557755145101353
SG_013586,0.13216722197733952
SG_013588,0.14612034740159047
SG_013591,0.20025397415942647
SG_013598,0.2929560610714636
SG_013601,0.15032398468875952
SG_013602,0.23232410808476403
SG_013604,0.1368727163413099
SG_013608,0.2072628767928143
SG_013610,0.12832317447800037
SG_013612,0.1727134507601963
SG_013613,0.15214384488039223
SG_013616,0.16418724173211804
SG_013619,0.14732329477029343
SG_013624,0.24626573299623267
SG_013626,0.15069447594805452
SG_013628,0.18484292740278008
SG_013629,0.13420820500675315
SG_013633,0.1280716596585314
SG_013635,0.1287705332573329
SG_013637,0.16264708925981147
SG_013638,0.14698389538180145
SG_013639,0.16222631164101736
SG_013641,0.19761318189859844
SG_013646,0.2100902813388373
SG_013653,0.17371129356749668
SG_013667,0.20915307723394058
SG_013668,0.18030869410110636
SG_013670,0.16044322176408266
SG_013675,0.15976262284711926
SG_013677,0.15817546032417995
SG_013678,0.17682059062036873
SG_013681,0.14150207115473376
SG_013682,0.19540725085725236
SG_013683,0.1845498200114775
SG_013684,0.17507605323157852
SG_013685,0.12316830074898341
SG_013686,0.21854785428708898
SG_013690,0.16674895505270423
SG_013695,0.12701501690714098
SG_013705,0.1501577197033434
SG_013706,0.14025270082475275
SG_013708,0.1237762608145903
SG_013711,0.1280716596585314
SG_013713,0.16987940793606165
SG_013715,0.1616196429927917
SG_013716,0.2448907246176542
SG_013726,0.19872783990607032
SG_013727,0.12219294757144536
SG_013728,0.24233003011449786
SG_013731,0.13254414642856538
SG_013733,0.12917949834884832
SG_013737,0.1756190357855294
SG_013740,0.1763658704039714
SG_013741,0.1551984362728296
SG_013744,0.15004858738947438
SG_013745,0.19366800575834925
SG_013746,0.11180387962970459
SG_013747,0.15426941283516357
SG_013749,0.1351858345937096
SG_013755,0.13254414642856538
SG_013759,0.14389596761114729
SG_013765,0.17735101012811963
SG_013766,0.18854067251052092
SG_013769,0.14200259820673056
SG_013773,0.17780311521566378
SG_013785,0.13420820500675315
SG_013793,0.12701501690714098
SG_013800,0.14772317318025022
SG_013808,0.14400455349976768
SG_013815,0.2559456740662159
SG_013827,0.14666622720137037
SG_013840,0.13777649141726514
SG_013841,0.11087988868280993
SG_013842,0.1476266667640349
SG_013844,0.21705017195194878
SG_013845,0.14014769022485818
SG_013849,0.1357529539918241
SG_013850,0.1383577704079976
SG_013851,0.15858612180956053
SG_013853,0.17441168472353188
SG_013854,0.13420820500675315
SG_013855,0.13420820500675315
SG_013857,0.15396710089796994
SG_013860,0.249566285524698
SG_013862,0.1619208097653865
SG_013867,0.19405052987320764
SG_013868,0.13254414642856538
SG_013870,0.13420820500675315
SG_013883,0.15238791596111212
SG_013884,0.1280716596585314
SG_013885,0.18156934791768536
SG_013892,0.25550620742288344
SG_013896,0.13333575910929413
SG_013898,0.14004456095497822
SG_013901,0.21889987205046255
SG_013905,0.17223960610338573
SG_013906,0.16981969413018627
SG_013907,0.13177361149763517
SG_013910,0.1772924913206903
SG_013912,0.1349866634198667
SG_013914,0.14700773156499747
SG_013919,0.18306790317968236
SG_013922,0.27165255391029247
SG_013943,0.12868348412392677
SG_013944,0.12328728719395211
SG_013946,0.17328338945072702
SG_013948,0.13264438756949218
SG_013949,0.11297564836304831
SG_013953,0.17654605178572308
SG_013962,0.1976355399439868
SG_013965,0.2573412277873564
SG_013969,0.198650219745767
SG_013974,0.1387095067964269
SG_013978,0.14809207565140084
SG_013979,0.15006757799354864
SG_013980,0.23694268552056366
SG_013986,0.2649458481375028
SG_013997,0.1280716596585314
SG_014000,0.16161555825437152
SG_014004,0.12219294757144536
SG_014009,0.14031786918050757
SG_014010,0.17861360656629602
SG_014012,0.11476755758864636
SG_014014,0.2579970884345527
SG_014015,0.15333042944745484
SG_014016,0.20004683082704441
SG_014017,0.23321593679605992
SG_014018,0.11180387962970459
SG_014020,0.18198699552474204
SG_014021,0.1280716596585314
SG_014022,0.14725781161679494
SG_014023,0.20082653381117488
SG_014026,0.20707649824832947
SG_014030,0.18272291824681158
SG_014031,0.15457510648417006
SG_014036,0.1442662080333029
SG_014037,0.13256287679518242
SG_014039,0.1608522547539225
SG_014045,0.14197388814325923
SG_014046,0.18272291824681158
SG_014047,0.18642927940161494
SG_014050,0.11037476404852285
SG_014053,0.15724979266188313
SG_014058,0.1926010592927934
SG_014059,0.22180893592227044
SG_014062,0.13002995330457218
SG_014067,0.23152850948343545
SG_014072,0.130860347119389
SG_014073,0.1579124304643247
SG_014075,0.19475218435821356
SG_014081,0.18540501430306122
SG_014085,0.15952244660510895
SG_014088,0.19661962382886322
SG_014096,0.15324429080621127
SG_014099,0.18910337430876817
SG_014102,0.17400629652956306
SG_014105,0.2148284403052241
SG_014111,0.24319544317939124
SG_014113,0.18272291824681158
SG_014116,0.13715345545044738
SG_014122,0.19231082954003945
SG_014123,0.1424549410676173
SG_014124,0.18992311320706054
SG_014130,0.2426809800427469
SG_014132,0.16851482561367206
SG_014135,0.249566285524698
SG_014136,0.18875340525481027
SG_014139,0.15803601813844476
SG_014140,0.16409496280573363
SG_014141,0.20624660061032465
SG_014146,0.17903618498984433
SG_014155,0.17301076008126662
SG_014157,0.15666158874902997
SG_014161,0.16243669248082368
SG_014162,0.16657193990906505
SG_014165,0.16971962247103936
SG_014167,0.17092685618837739
SG_014168,0.14306298241662033
SG_014172,0.14073835761218778
SG_014176,0.1280716596585314
SG_014177,0.22463775626427587
SG_014184,0.21288348955323094
SG_014186,0.20276249377857683
SG_014188,0.15539549990201282
SG_014190,0.15633768103479936
SG_014191,0.20349905915052663
SG_014192,0.11242887009564634
SG_014194,0.20762947727298225
SG_014196,0.19423227290749942
SG_014197,0.24695732845718368
SG_014205,0.13420820500675315
SG_014210,0.18420454456973523
SG_014217,0.24945643847433577
SG_014219,0.2471712336017418
SG_014223,0.1678966282450238
SG_014235,0.1523499238593127
SG_014237,0.18135243853542707
SG_014243,0.15521008656399304
SG_014248,0.21272503875224152
SG_014249,0.1555835560163887
SG_014259,0.17577563839827764
SG_014269,0.1934613034249929
SG_014270,0.2301480674627083
SG_014272,0.10717992681759916
SG_014277,0.15804813936899276
SG_014288,0.1319346855251103
SG_014290,0.14400455349976768
SG_014292,0.1390346254028466
SG_014293,0.18042501671914324
SG_014295,0.19922005361879294
SG_014299,0.14884877056333412
SG_014308,0.15525615024259354
SG_014309,0.13420820500675315
SG_014311,0.2541456635308506
SG_014314,0.23913945962633393
SG_014319,0.10717992681759916
SG_014320,0.13932352749217253
SG_014321,0.2860959573628245
SG_014328,0.21272503875224152
SG_014334,0.14741277594986316
SG_014335,0.11791725570629712
SG_014339,0.1950524751979762
SG_014342,0.13589583247754736
SG_014343,0.2530108755553371
SG_014345,0.16444709931684562
SG_014363,0.18355523361560958
SG_014368,0.12311399969808481
SG_014370,0.10994149420047783
SG_014373,0.19390599876479217
SG_014375,0.1709931713807797
SG_014380,0.25020034919980433
SG_014383,0.26204713629541326
SG_014385,0.2130758985809488
SG_014386,0.19044573884236954
SG_014387,0.13994907047555852
SG_014389,0.17627033074397228
SG_014391,0.16467349861486905
SG_014394,0.2421858760988917
SG_014398,0.1242754394319802
SG_014402,0.17138557013427416
SG_014409,0.1805893484271518
SG_014411,0.2426809800427469
SG_014415,0.18198754133786643
SG_014416,0.15099913463416234
SG_014418,0.15327184349442521
SG_014425,0.18656928066148384
SG_014426,0.21011958970213343
SG_014431,0.196664429653536
SG_014432,0.2847773857550322
SG_014446,0.1554773207372614
SG_014447,0.16929499891900485
SG_014457,0.13420820500675315
SG_014465,0.20560083353430672
SG_014466,0.14476203430315707
SG_014469,0.13254414642856538
SG_014474,0.1280716596585314
SG_014484,0.14626690288399466
SG_014486,0.11573868127953704
SG_014488,0.14961080345034541
SG_014491,0.1843441593281988
SG_014495,0.1904096882172206
SG_014512,0.233996092999586
SG_014514,0.16259649880336147
SG_014516,0.19285609451299796
SG_014519,0.1280716596585314
SG_014522,0.14014769022485818
SG_014529,0.187138614875832
SG_014538,0.24319544317939124
SG_014544,0.19443944906637453
SG_014551,0.17559632257272817
SG_014552,0.24350275844243163
SG_014556,0.13663744679881665
SG_014562,0.15190902320213603
SG_014565,0.10994149420047783
SG_014566,0.17932369894770087
SG_014568,0.13535357873348014
SG_014569,0.11242887009564634
SG_014570,0.1418542739886291
SG_014578,0.13177361149763517
SG_014579,0.15886764364029687
SG_014581,0.17048403776618598
SG_014582,0.15334127003055503
SG_014583,0.1748589698154214
SG_014587,0.17866239918609692
SG_014594,0.14809207565140084
SG_014596,0.20291646630106325
SG_014597,0.1433148111224299
SG_014607,0.20265111334500344
SG_014611,0.12219294757144536
SG_014616,0.15161388871406487
SG_014617,0.19409183723451712
SG_014618,0.1816387018432938
SG_014619,0.16498158351047798
SG_014621,0.17779899452833514
SG_014626,0.22093493953405263
SG_014634,0.12219294757144536
SG_014635,0.17561276034223064
SG_014636,0.15617852724511214
SG_014637,0.15775781761648633
SG_014640,0.15739639438651318
SG_014641,0.14197388814325923
SG_014645,0.13177361149763517
SG_014647,0.15061512338165547
SG_014653,0.18179472903922383
SG_014655,0.154253485017192
SG_014656,0.18286345389132233
SG_014657,0.1954389848394726
SG_014660,0.16338270979855146
SG_014667,0.12672005898234315
SG_014672,0.18141381028461895
SG_014677,0.14268173471343992
SG_014680,0.18475245851582855
SG_014681,0.19626938189937268
SG_014687,0.16753726572985794
SG_014690,0.18853812099047504
SG_014691,0.13994907047555852
SG_014700,0.20042746295034225
SG_014701,0.2530108755553371
SG_014702,0.14429353914053422
SG_014703,0.13729815222764763
SG_014712,0.24036630301565584
SG_014713,0.15435556135347608
SG_014718,0.13291637200754478
SG_014720,0.19986649389628494
SG_014723,0.16496350739508614
SG_014729,0.17826632966051073
SG_014731,0.17707825246834583
SG_014733,0.14981356457539807
SG_014735,0.23073333531254617
SG_014742,0.1290272913800757
SG_014746,0.11381780710390249
SG_014748,0.13239597479103177
SG_014749,0.15371618961133746
SG_014753,0.1616612099416155
SG_014754,0.14251397098180008
SG_014757,0.13643785607511807
SG_014771,0.13123682174362428
SG_014774,0.18021842236896482
SG_014777,0.15769927587253751
SG_014778,0.249566285524698
SG_014780,0.18597953274314993
SG_014787,0.19057054025406087
SG_014800,0.24350275844243163
SG_014801,0.24560597804994888
SG_014802,0.1823268265862117
SG_014803,0.1750585195951518
SG_014808,0.1647616131662035
SG_014812,0.130860347119389
SG_014813,0.1398449459366024
SG_014815,0.24251154350697043
SG_014824,0.10717992681759916
SG_014825,0.23241820875089605
SG_014827,0.20122296979072923
SG_014830,0.10859277433984935
SG_014834,0.1518380151691499
SG_014839,0.249566285524698
SG_014844,0.17653177061221292
SG_014865,0.213442978638221
SG_014866,0.1280716596585314
SG_014867,0.17129753692409508
SG_014871,0.2030775205616975
SG_014874,0.17207989229300655
SG_014875,0.16953503394666283
SG_014879,0.15214384488039223
SG_014880,0.11148478512800994
SG_014882,0.16745156491120472
SG_014885,0.1510474226855329
SG_014887,0.1678556617988616
SG_014894,0.16556567734484007
SG_014895,0.23355214039083358
SG_014898,0.2258693795650176
SG_014900,0.1872797850529153
SG_014906,0.20548172882248722
SG_014909,0.17505832785836015
SG_014914,0.15389500237092274
SG_014919,0.13049124862061703
SG_014921,0.16865258652137272
SG_014939,0.249566285524698
SG_014940,0.1934325913577787
SG_014945,0.14775644265628016
SG_014946,0.16083915527734352
SG_014951,0.20273208992941702
SG_014953,0.2929560610714636
SG_014955,0.17089396705992335
SG_014959,0.15341915643292955
SG_014961,0.21359221910717233
SG_014964,0.1812128066212352
SG_014965,0.13254414642856538
SG_014966,0.16432021038487624
SG_014969,0.22485941428248604
SG_014972,0.1499623279705591
SG_014976,0.24053951817552763
SG_014979,0.10717992681759916
SG_014980,0.1544413802245581
SG_014984,0.17512992544029818
SG_014990,0.1606281980544013
SG_014998,0.15018046756118283
SG_014999,0.14133582719581442
SG_015001,0.2123736581620627
SG_015002,0.1800314801882148
SG_015014,0.16394440114826142
SG_015015,0.13403948106627062
SG_015021,0.21415180028946115
SG_015026,0.18414050964033124
SG_015031,0.2059154929627983
SG_015036,0.1644850369167224
SG_015039,0.12737219019183613
SG_015042,0.15507788119000393
SG_015044,0.19024402273537483
SG_015046,0.18725016323991023
SG_015047,0.1805310928137787
SG_015050,0.14428916170938574
SG_015054,0.17532450046203538
SG_015066,0.19295253301605372
SG_015068,0.27369678006333464
SG_015071,0.1497585235072006
SG_015075,0.1383577704079976
SG_015076,0.14626690288399466
SG_015081,0.18517636003626378
SG_015082,0.19423227290749942
SG_015085,0.14243149739247282
SG_015093,0.22511137632720502
SG_015095,0.15742461309045985
SG_015099,0.1280716596585314
SG_015102,0.13177361149763517
SG_015103,0.193383451179779
SG_015111,0.13254414642856538
SG_015112,0.13290577650403373
SG_015118,0.15064618572878563
SG_015125,0.1453507566234847
SG_015126,0.15605034572246246
SG_015127,0.1676214998816747
SG_015129,0.1682845830633396
SG_015134,0.15481749703408884
SG_015135,0.14344379490230838
SG_015137,0.19863976763677824
SG_015138,0.2426809800427469
SG_015144,0.22008632017702
SG_015146,0.17163583693264323
SG_015152,0.18785032266385526
SG_015155,0.15136612620967962
SG_015158,0.17180402402525627
SG_015159,0.15481749703408884
SG_015161,0.1774656822681087
SG_015165,0.23521176321462145
SG_015167,0.14004186730844187
SG_015169,0.1511420362884616
SG_015176,0.17902653387979547
SG_015180,0.15742461309045985
SG_015183,0.17343323696173307
SG_015189,0.14874444291430125
SG_015190,0.13349381897608667
SG_015192,0.12841848423823116
SG_015195,0.13521953573327386
SG_015197,0.14209061849249685
SG_015201,0.15161955714544229
SG_015202,0.14166305467026508
SG_015214,0.17592418663373324
SG_015215,0.24712472166664354
SG_015217,0.1280716596585314
SG_015222,0.14468310460017988
SG_015224,0.16622669688358419
SG_015235,0.15711096428113114
SG_015239,0.12859578648428102
SG_015246,0.14732329477029343
SG_015251,0.18656827584305022
SG_015252,0.23491328022138735
SG_015256,0.16632122820663897
SG_015257,0.17527640718749365
SG_015261,0.1415503515481906
SG_015262,0.17817220413832185
SG_015263,0.15472186858508133
SG_015269,0.1791308976441728
SG_015270,0.16663416653330848
SG_015272,0.19640320574904932
SG_015276,0.24800323782079528
SG_015277,0.15149923328819714
SG_015278,0.14243149739247282
SG_015279,0.20457315187259473
SG_015280,0.15846252464011393
SG_015283,0.2426809800427469
SG_015284,0.15943446445544995
SG_015289,0.24406004018514446
SG_015290,0.1511026566737522
SG_015294,0.15543754334994897
SG_015296,0.1937662021007463
SG_015297,0.25564383030152055
SG_015302,0.12868348412392677
SG_015304,0.17611927751462395
SG_015308,0.15012652852560324
SG_015309,0.18850205565762143
SG_015312,0.2259962834941731
SG_015317,0.19173687427379293
SG_015322,0.15529322678411608
SG_015323,0.1982576373587789
SG_015326,0.17044180200561124
SG_015329,0.1352318732712524
SG_015337,0.15430857110323865
SG_015339,0.15691138096633234
SG_015340,0.1458517636841599
SG_015341,0.1847544424836931
SG_015346,0.16003753760796094
SG_015348,0.15256050957679151
SG_015349,0.18534315060858406
SG_015351,0.2426809800427469
SG_015355,0.13254414642856538
SG_015356,0.18206843394022043
SG_015360,0.18272291824681158
SG_015361,0.17914394570675718
SG_015362,0.2367268020699875
SG_015363,0.1085332753339257
SG_015369,0.15481749703408884
SG_015372,0.13420820500675315
SG_015375,0.14004456095497822
SG_015381,0.22408882581186768
SG_015382,0.14826360200757535
SG_015383,0.13887482616149321
SG_015384,0.14972671107943827
SG_015388,0.1939063721863199
SG_015395,0.15455588312961632
SG_015397,0.2456559386278132
SG_015399,0.16453122201541465
SG_015400,0.20500560175416507
SG_015401,0.13177361149763517
SG_015402,0.19235951269974474
SG_015403,0.17521993606466213
SG_015406,0.16683860873765957
SG_015412,0.20461652692802146
SG_015421,0.249566285524698
SG_015424,0.2143630207617363
SG_015425,0.15381969945638713
SG_015428,0.13909684338389197
SG_015430,0.14006656232757575
SG_015431,0.15990631265384275
SG_015439,0.13332346205819426
SG_015440,0.12219294757144536
SG_015446,0.18831312381109072
SG_015447,0.17582758026888173
SG_015448,0.17598966298943297
SG_015452,0.16253051709226976
SG_015454,0.2017995776094619
SG_015458,0.28836015724026337
SG_015462,0.1893808684309029
SG_015463,0.19168314040768095
SG_015464,0.15745822676293592
SG_015466,0.1280716596585314
SG_015467,0.16979089135741335
SG_015470,0.13420820500675315
SG_015473,0.18321217766933426
SG_015479,0.12682006033930565
SG_015481,0.1909786371165364
SG_015483,0.15252453732495178
SG_015492,0.21288348955323094
SG_015495,0.13335793847423058
SG_015498,0.17214937573903816
SG_015503,0.18774682720360453
SG_015507,0.16568060596063772
SG_015512,0.13254414642856538
SG_015514,0.15537537971607418
SG_015517,0.20353397199898451
SG_015520,0.25064344092279256
SG_015524,0.14200259820673056
SG_015526,0.15724979266188313
SG_015527,0.16165109780456688
SG_015535,0.1280716596585314
SG_015537,0.19099253223070714
SG_015538,0.16565042717921546
SG_015540,0.23690297146569012
SG_015542,0.14451925534292182
SG_015543,0.17287553563926286
SG_015544,0.1715390147830112
SG_015546,0.20793737335405324
SG_015547,0.14400455349976768
SG_015550,0.13816683608632505
SG_015556,0.1383577704079976
SG_015558,0.15187040936156576
SG_015559,0.2089091327662059
SG_015560,0.16065055695657549
SG_015562,0.10717992681759916
SG_015565,0.12701501690714098
SG_015568,0.2504036701820488
SG_015572,0.10859277433984935
SG_015576,0.13378885860053355
SG_015578,0.10717992681759916
SG_015580,0.13639828152949346
SG_015582,0.1297829220731193
SG_015584,0.17093204783350788
SG_015585,0.24712472166664354
SG_015586,0.15272913047289421
SG_015587,0.1781871767957579
SG_015589,0.24319544317939124
SG_015590,0.13420820500675315
SG_015591,0.197580752366605
SG_015593,0.14756241201063158
SG_015597,0.14397036332771912
SG_015598,0.21238973581142462
SG_015600,0.2674064592390223
SG_015606,0.24484629256626086
SG_015613,0.16665582132876702
SG_015615,0.2530108755553371
SG_015617,0.15724979266188313
SG_015619,0.1984360403734723
SG_015623,0.16878787021950808
SG_015627,0.18029507324047328
SG_015637,0.13081288012571773
SG_015641,0.18281604524270273
SG_015644,0.14906106713855835
SG_015649,0.1280716596585314
SG_015654,0.249566285524698
SG_015655,0.249566285524698
SG_015656,0.1280716596585314
SG_015659,0.1397799779052449
SG_015662,0.2477888496415351
SG_015664,0.1611896112085996
SG_015671,0.24800323782079528
SG_015675,0.10859277433984935
SG_015678,0.12868348412392677
SG_015680,0.13580925671610564
SG_015681,0.1280716596585314
SG_015682,0.15226403192312934
SG_015684,0.1237762608145903
SG_015693,0.19142243798803268
SG_015708,0.16582087285328873
SG_015715,0.20821473776775512
SG_015716,0.1980256604562006
SG_015718,0.14753626489575744
SG_015721,0.16376600987411477
SG_015724,0.20242847115308032
SG_015726,0.18181072993001643
SG_015729,0.13420820500675315
SG_015730,0.15427389800355917
SG_015735,0.12868348412392677
SG_015738,0.18081991021270857
SG_015743,0.13389102241206347
SG_015744,0.14971228898993463
SG_015746,0.14954234899552027
SG_015756,0.1506458644550334
SG_015762,0.14368194901968487
SG_015763,0.15238791596111212
SG_015766,0.14831566301598698
SG_015769,0.17497702448544095
SG_015770,0.18728585879122367
SG_015772,0.13254414642856538
SG_015773,0.24744027589791495
SG_015780,0.13608287063053068
SG_015790,0.1722353509076005
SG_015797,0.1730703867033263
SG_015806,0.11131062664277827
SG_015810,0.186482666080495
SG_015815,0.12868348412392677
SG_015817,0.2530108755553371
SG_015818,0.16913691405154901
SG_015819,0.15651160956039517
SG_015820,0.16482507464323642
SG_015827,0.18226306743247028
SG_015828,0.18736200095561173
SG_015829,0.15555483121422983
SG_015832,0.15555834370291402
SG_015833,0.18112348139028714
SG_015834,0.1552946334961977
SG_015838,0.2426809800427469
SG_015840,0.16636598424746962
SG_015842,0.19455362782093727
SG_015845,0.13224804718173647
SG_015849,0.13729815222764763
SG_015857,0.16548219549410598
SG_015859,0.11242887009564634
SG_015860,0.284541216470459
SG_015867,0.15327595186364634
SG_015873,0.18890399159689392
SG_015878,0.1880343763378402
SG_015879,0.1280716596585314
SG_015880,0.15765580264012133
SG_015881,0.13535357873348014
SG_015884,0.13254414642856538
SG_015885,0.11180387962970459
SG_015891,0.1495553313750259
SG_015893,0.14824484357824425
SG_015898,0.1789926022159462
SG_015900,0.16814932530198526
SG_015901,0.16608115849765356
SG_015907,0.17627256502088703
SG_015908,0.19033633971808545
SG_015910,0.2012673218132718
SG_015914,0.17866239918609692
SG_015917,0.21073210256420993
SG_015921,0.20768789314498373
SG_015922,0.16561308692154014
SG_015928,0.2530108755553371
SG_015939,0.13616239276227685
SG_015940,0.1280716596585314
SG_015942,0.15529322678411608
SG_015943,0.19635675710163988
SG_015947,0.13420820500675315
SG_015950,0.13875569144965594
SG_015951,0.18125729116446695
SG_015955,0.15238791596111212
SG_015964,0.17140826860656627
SG_015965,0.14740435945569005
SG_015972,0.13290577650403373
SG_015973,0.1410996915344271
SG_015975,0.1342284268783755
SG_015977,0.14139222487218672
SG_015978,0.2020746885469844
SG_015979,0.1886946076041842
SG_015980,0.195820469369013
SG_015981,0.20594079403399929
SG_015985,0.21697190112965747
SG_015988,0.13316921163380782
SG_015989,0.19672819744514458
SG_015990,0.16996026586427035
SG_015998,0.15694365962390838
SG_015999,0.13254414642856538
SG_016002,0.187138614875832
SG_016003,0.17453740612835383
SG_016004,0.15926614066027053
SG_016008,0.2753103674255914
SG_016010,0.2530108755553371
SG_016013,0.19063803640227497
SG_016015,0.17388109414733716
SG_016020,0.13254414642856538
SG_016021,0.16574752048571328
SG_016022,0.1611448467842447
SG_016027,0.15190902320213603
SG_016028,0.12701501690714098
SG_016029,0.16138381046881936
SG_016030,0.27258981046742986
SG_016045,0.1570175368857127
SG_016048,0.1509104683935908
SG_016049,0.14037514302106932
SG_016054,0.2929560610714636
SG_016056,0.19581187419871737
SG_016060,0.15790119389248927
SG_016065,0.1290272913800757
SG_016081,0.11131062664277827
SG_016085,0.11131062664277827
SG_016089,0.18071099204765578
SG_016091,0.18614408925711678
SG_016092,0.17938176574108225
SG_016101,0.2530108755553371
SG_016102,0.19533584492010878
SG_016103,0.15886764364029687
SG_016108,0.11791725570629712
SG_016109,0.1738688573629676
SG_016111,0.24800323782079528
SG_016113,0.16055392190448248
SG_016114,0.15759872004256664
SG_016115,0.17699022292056552
SG_016116,0.1531817460690694
SG_016119,0.14004186730844187
SG_016124,0.12682006033930565
SG_016127,0.18119280686423356
SG_016132,0.2530108755553371
SG_016133,0.12701501690714098
SG_016134,0.1746635294046332
SG_016138,0.12737219019183613
SG_016140,0.16323740828840563
SG_016146,0.25064344092279256
SG_016147,0.13290577650403373
SG_016156,0.23189726858852397
SG_016158,0.16716301487355684
SG_016159,0.26767224659092576
SG_016160,0.10717992681759916
SG_016161,0.1280716596585314
SG_016163,0.1825851554219693
SG_016164,0.19919029613607944
SG_016165,0.14981977099028973
SG_016166,0.1511026566737522
SG_016171,0.1549536793320894
SG_016172,0.20968012412275622
SG_016174,0.14998937668469647
SG_016176,0.12701501690714098
SG_016179,0.20139133328939315
SG_016181,0.18533428953700865
SG_016183,0.15119091858175973
SG_016185,0.16989819348897503
SG_016186,0.15785583915401274
SG_016187,0.10717992681759916
SG_016188,0.2214726327267007
SG_016190,0.14133894627512109
SG_016194,0.24477939835217294
SG_016195,0.14268173471343992
SG_016196,0.16548421701576818
SG_016197,0.16221855223857917
SG_016211,0.1556693072409493
SG_016214,0.2504036701820488
SG_016215,0.18243448574184823
SG_016219,0.14958367339040873
SG_016221,0.18332509782338183
SG_016222,0.14343298307491087
SG_016224,0.15348924980067993
SG_016225,0.17225995047341736
SG_016233,0.14060833645413257
SG_016234,0.18459658783818564
SG_016235,0.15551386032576975
SG_016238,0.10717992681759916
SG_016242,0.17071519979494723
SG_016244,0.1280716596585314
SG_016245,0.13378885860053355
SG_016246,0.22920089714851577
SG_016249,0.18790906351331801
SG_016251,0.22516601106798537
SG_016252,0.2649458481375028
SG_016259,0.20265111334500344
SG_016262,0.1764341579620204
SG_016263,0.11180387962970459
SG_016268,0.16568060596063772
SG_016270,0.15481218022917836
SG_016272,0.2530108755553371
SG_016273,0.20648513233983837
SG_016275,0.19051455285865226
SG_016278,0.21887206713827206
SG_016282,0.1910434897437891
SG_016285,0.1835840771099785
SG_016289,0.18760393111757115
SG_016292,0.16536276915048723
SG_016297,0.15158366339009588
SG_016299,0.20764860588711223
SG_016310,0.18614408925711678
SG_016315,0.13843604075236768
SG_016316,0.1907390748269128
SG_016318,0.15238791596111212
SG_016324,0.13254414642856538
SG_016326,0.1762956442332869
SG_016327,0.15469773555944957
SG_016330,0.1242754394319802
SG_016331,0.21747937689974936
SG_016332,0.10717992681759916
SG_016333,0.18396842332400554
SG_016334,0.1280716596585314
SG_016337,0.13939659205879426
SG_016341,0.1812119450673397
SG_016343,0.13403948106627062
SG_016345,0.249566285524698
SG_016346,0.13525481018241725
SG_016349,0.19077882693616466
SG_016351,0.11476755758864636
SG_016352,0.10859277433984935
SG_016354,0.16048576990343585
SG_016363,0.16006511483984087
SG_016372,0.20488225125444579
SG_016375,0.14032227145197437
SG_016382,0.138872272919416
SG_016384,0.13825856779448936
SG_016386,0.12682006033930565
SG_016389,0.17872387907890233
SG_016392,0.17363892197896033
SG_016393,0.18841227773244035
SG_016394,0.19940302062401769
SG_016401,0.1495363941892789
SG_016402,0.14788113912775216
SG_016405,0.1980256604562006
SG_016414,0.16963724230643495
SG_016421,0.14404714880454644
SG_016424,0.16971962247103936
SG_016425,0.14720806155236313
SG_016429,0.1364367117381645
SG_016431,0.17131199311053064
SG_016432,0.19900291084389038
SG_016435,0.1825851554219693
SG_016436,0.18844353268057665
SG_016443,0.12682006033930565
SG_016445,0.15789411148717264
SG_016450,0.15557576895552702
SG_016452,0.14906106713855835
SG_016456,0.23744350253355845
SG_016462,0.12219294757144536
SG_016463,0.15619138044348552
SG_016474,0.21774921663667182
SG_016482,0.1519917024057098
SG_016488,0.1787964332775416
SG_016502,0.1280716596585314
SG_016503,0.18272291824681158
SG_016507,0.20302366940641772
SG_016508,0.13420820500675315
SG_016511,0.1383577704079976
SG_016512,0.2491467964584379
SG_016517,0.1989092556730964
SG_016518,0.26324019197999415
SG_016520,0.14513824048893348
SG_016522,0.17830482653797744
SG_016524,0.12868348412392677
SG_016526,0.20420041403620756
SG_016528,0.18256310015752084
SG_016529,0.17609576050141018
SG_016532,0.16114064411620424
SG_016535,0.13335793847423058
SG_016537,0.10994149420047783
SG_016539,0.11297564836304831
SG_016542,0.1555835560163887
SG_016545,0.15531413578971387
SG_016547,0.1487802382857938
SG_016548,0.13590972794283593
SG_016554,0.18215893861686447
SG_016562,0.24919713171046629
SG_016563,0.20791101165748005
SG_016566,0.11297564836304831
SG_016567,0.20000924249480245
SG_016580,0.13020308082857546
SG_016581,0.15179143636605338
SG_016585,0.1937418362219924
SG_016600,0.16141714725358403
SG_016603,0.1918721930549192
SG_016604,0.1318382970886083
SG_016606,0.1855020403297487
SG_016609,0.158991837748303
SG_016612,0.16095171794974764
SG_016613,0.15032398468875952
SG_016614,0.24712472166664354
SG_016623,0.15481749703408884
SG_016625,0.2593724431578867
SG_016632,0.20448193648859053
SG_016634,0.14732329477029343
SG_016637,0.21659213766314084
SG_016641,0.1996293140809894
SG_016646,0.15256050957679151
SG_016647,0.13281480851053162
SG_016660,0.11180387962970459
SG_016662,0.18139536976306084
SG_016670,0.17178454139115942
SG_016671,0.15927658223023466
SG_016673,0.1487802382857938
SG_016675,0.19016318496407625
SG_016685,0.20018513102504665
SG_016689,0.2113378826017501
SG_016690,0.17768530498273624
SG_016691,0.12737219019183613
SG_016692,0.19130176646937566
SG_016696,0.2046387825650139
SG_016698,0.10994149420047783
SG_016699,0.11791725570629712
SG_016703,0.1464195683855771
SG_016704,0.18840331573598407
SG_016705,0.17598966298943297
SG_016708,0.1588871368567244
SG_016710,0.16348822671841073
SG_016711,0.17959093390529526
SG_016714,0.18194842540738404
SG_016716,0.11180387962970459
SG_016719,0.13256287679518242
SG_016720,0.1280716596585314
SG_016721,0.15032398468875952
SG_016723,0.136204721046351
SG_016732,0.19044461596280354
SG_016733,0.24800323782079528
SG_016736,0.13081288012571773
SG_016737,0.14847135383281448
SG_016738,0.1397799779052449
SG_016741,0.20276249377857683
SG_016745,0.1457990130868626
SG_016746,0.15238791596111212
SG_016752,0.196129156037327
SG_016754,0.1318382970886083
SG_016758,0.14400455349976768
SG_016763,0.11791725570629712
SG_016765,0.25009496066763703
SG_016769,0.13841315171190258
SG_016776,0.20121516053120753
SG_016778,0.2706543179267795
SG_016779,0.19453335211727588
SG_016780,0.25810004798992064
SG_016783,0.19122712026062227
SG_016785,0.1703215200498964
SG_016786,0.17825644157435935
SG_016792,0.20431538661818813
SG_016793,0.13131079601339424
SG_016794,0.1424549410676173
SG_016805,0.15426941283516357
SG_016807,0.16677640960071713
SG_016810,0.16432021038487624
SG_016813,0.1485957680433126
SG_016818,0.14400455349976768
SG_016819,0.1290605995254906
SG_016823,0.18633056002378698
SG_016827,0.21274321439679839
SG_016828,0.1389405823475682
SG_016832,0.1963469877656041
SG_016834,0.25593870010616404
SG_016837,0.21447883385772237
SG_016840,0.1459592327950461
SG_016843,0.2021812356374868
SG_016847,0.1617233736111642
SG_016849,0.1280716596585314
SG_016851,0.18914091909031436
SG_016857,0.13863377149513323
SG_016858,0.20178797216166122
SG_016859,0.15104195685714605
SG_016861,0.1929479089294116
SG_016863,0.16341281525424106
SG_016874,0.2663368475986128
SG_016877,0.1280716596585314
SG_016881,0.1928025384137398
SG_016885,0.17176683656195219
SG_016887,0.20138468772271795
SG_016888,0.17826632966051073
SG_016891,0.14400455349976768
SG_016893,0.1496011230626659
SG_016895,0.18641493089820158
SG_016900,0.17278780108728062
SG_016902,0.17256377052794677
SG_016904,0.14915791942419845
SG_016909,0.12701501690714098
SG_016911,0.21082163686857197
SG_016924,0.1309374917099478
SG_016925,0.15297403965373008
SG_016928,0.1812128066212352
SG_016937,0.10717992681759916
SG_016939,0.23226082040433674
SG_016941,0.22732848997639438
SG_016944,0.16887509900240255
SG_016946,0.1833255522324007
SG_016951,0.15438253473140182
SG_016961,0.18946033335274076
SG_016963,0.18784942559468137
SG_016967,0.1280716596585314
SG_016968,0.20801543002742767
SG_016971,0.24477939835217294
SG_016973,0.1904711241474429
SG_016974,0.16044952895855508
SG_016975,0.2504036701820488
SG_016976,0.13665838199094235
SG_016986,0.15069447594805452
SG_016989,0.18308519610813026
SG_016990,0.18264137135997943
SG_017003,0.19225242369340587
SG_017005,0.13420820500675315
SG_017006,0.11297564836304831
SG_017016,0.1570175368857127
SG_017018,0.18432557608736996
SG_017021,0.1474292621891947
SG_017026,0.143467266953133
SG_017028,0.13290577650403373
SG_017040,0.16575541707932578
SG_017043,0.15633768103479936
SG_017044,0.2214509836989016
SG_017046,0.20189797007283897
SG_017048,0.1530706547200243
SG_017049,0.12219294757144536
SG_017050,0.136204721046351
SG_017055,0.17198576930235573
SG_017056,0.15166435047012577
SG_017062,0.12964148844196546
SG_017067,0.13420820500675315
SG_017070,0.1981156464364216
SG_017071,0.2009995971489569
SG_017076,0.2110086365068249
SG_017077,0.15248200023760458
SG_017079,0.11037476404852285
SG_017080,0.13177361149763517
SG_017085,0.233996092999586
SG_017098,0.13254414642856538
SG_017103,0.1600294636169869
SG_017110,0.2080343477930717
SG_017111,0.24036630301565584
SG_017114,0.13081288012571773
SG_017116,0.26145450083185773
SG_017123,0.12682006033930565
SG_017124,0.15715059565084247
SG_017126,0.1362251350301905
SG_017127,0.14400455349976768
SG_017130,0.24726420895567403
SG_017139,0.24477939835217294
SG_017144,0.15891725021782638
SG_017145,0.13420820500675315
SG_017146,0.18473292609779138
SG_017154,0.21334897487059679
SG_017158,0.25385874729673097
SG_017170,0.16326229156358188
SG_017171,0.1904993954411755
SG_017172,0.13335793847423058
SG_017182,0.13466297934659116
SG_017187,0.13340777060995096
SG_017190,0.1868216312956586
SG_017192,0.138068444031022
SG_017193,0.13420820500675315
SG_017195,0.19006596717300778
SG_017202,0.18696017444388324
SG_017206,0.16204911818320442
SG_017208,0.1641640976203523
SG_017213,0.1980256604562006
SG_017218,0.1280716596585314
SG_017220,0.14360691968687403
SG_017223,0.17171953339607327
SG_017224,0.1774656822681087
SG_017225,0.16716301487355684
SG_017227,0.15486466122128165
SG_017228,0.16787172350704432
SG_017230,0.13254414642856538
SG_017232,0.2565204071010925
SG_017235,0.20766133407895812
SG_017239,0.196664429653536
SG_017241,0.18145102382630068
SG_017245,0.13031871662711836
SG_017250,0.2530108755553371
SG_017254,0.12868348412392677
SG_017255,0.22030878295482278
SG_017266,0.13254414642856538
SG_017269,0.14626690288399466
SG_017272,0.14741277594986316
SG_017276,0.15803601813844476
SG_017279,0.11297564836304831
SG_017281,0.12964148844196546
SG_017287,0.19189103508059394
SG_017288,0.13403948106627062
SG_017292,0.14353080232714407
SG_017294,0.19897505780412983
SG_017296,0.12868348412392677
SG_017303,0.12701501690714098
SG_017304,0.14400455349976768
SG_017309,0.186283925388054
SG_017311,0.15256050957679151
SG_017316,0.11242887009564634
SG_017317,0.19007290057044382
SG_017318,0.18374407711181395
SG_017323,0.21175641535230486
SG_017328,0.15837743043634728
SG_017338,0.15238791596111212
SG_017339,0.21379885949425786
SG_017347,0.20906224738333745
SG_017348,0.13055687912133065
SG_017349,0.13580925671610564
SG_017350,0.1445459511632268
SG_017354,0.1367070069242866
SG_017358,0.20446957025784013
SG_017360,0.13627639180572568
SG_017361,0.13521953573327386
SG_017364,0.20255640214356443
SG_017368,0.1384824138738762
SG_017373,0.178299206945951
SG_017376,0.19524179772526112
SG_017383,0.147820534971118
SG_017385,0.17517676591572587
SG_017391,0.197000060899547
SG_017399,0.18226306743247028
SG_017402,0.10717992681759916
SG_017405,0.17520358609409342
SG_017406,0.13177361149763517
SG_017416,0.1734135253557404
SG_017419,0.13729815222764763
SG_017421,0.16523092246067891
SG_017423,0.2530108755553371
SG_017425,0.2015408782525675
SG_017428,0.15542740605141703
SG_017431,0.22796631904971854
SG_017432,0.1810221720821529
SG_017438,0.2530108755553371
SG_017439,0.10717992681759916
SG_017445,0.10717992681759916
SG_017448,0.12219294757144536
SG_017452,0.1937247901810569
SG_017454,0.23481655332138887
SG_017457,0.15150292996511372
SG_017458,0.1734684168482245
SG_017464,0.15238791596111212
SG_017465,0.16118660159828208
SG_017466,0.2504036701820488
SG_017467,0.24641426201045236
SG_017475,0.15230055269266948
SG_017479,0.20101881564723065
SG_017480,0.11131062664277827
SG_017481,0.17971996636766166
SG_017482,0.159969500875389
SG_017484,0.16677108034577254
SG_017486,0.1605348537489734
SG_017501,0.17752192618477702
SG_017504,0.17164344761234349
SG_017507,0.1658764606382783
SG_017509,0.16120812227184458
SG_017513,0.13484542563029048
SG_017514,0.23061517614903404
SG_017516,0.12219294757144536
SG_017518,0.14103704282717341
SG_017521,0.15923512338405438
SG_017526,0.17458832976480024
SG_017529,0.11242887009564634
SG_017532,0.1280716596585314
SG_017535,0.15050288344771987
SG_017537,0.13420820500675315
SG_017538,0.15386362877677265
SG_017542,0.15615656208754042
SG_017545,0.2623243840786627
SG_017549,0.24560597804994888
SG_017557,0.16536276915048723
SG_017559,0.179993122884842
SG_017560,0.1345055208996078
SG_017562,0.17626812662963118
SG_017563,0.18005191824161765
SG_017565,0.259208348960257
SG_017572,0.13254414642856538
SG_017575,0.2530108755553371
SG_017577,0.15676639092913908
SG_017578,0.1280716596585314
SG_017579,0.249566285524698
SG_017580,0.14243149739247282
SG_017581,0.2620627979967022
SG_017589,0.16954702256815227
SG_017590,0.16418724173211804
SG_017594,0.18713504790444532
SG_017597,0.15713777459493458
SG_017604,0.2649146782084994
SG_017605,0.14667823263642643
SG_017606,0.1722470910185604
SG_017607,0.13254414642856538
SG_017611,0.18578674571849235
SG_017615,0.1410564563677691
SG_017616,0.1633079913501156
SG_017617,0.2530108755553371
SG_017621,0.17278528641368435
SG_017622,0.21397638348537365
SG_017629,0.1417692874305176
SG_017630,0.13642342263518548
SG_017634,0.13741613608908287
SG_017639,0.1774656822681087
SG_017642,0.15489249748641273
SG_017646,0.23168420061713538
SG_017657,0.21618676989672267
SG_017658,0.20705758986334838
SG_017667,0.1553752393851443
SG_017673,0.17603678672719802
SG_017674,0.19684193935905808
SG_017677,0.11242887009564634
SG_017679,0.14141373530355716
SG_017683,0.14934632879236065
SG_017687,0.11242887009564634
SG_017689,0.18898096084527316
SG_017691,0.12737219019183613
SG_017693,0.1763658704039714
SG_017696,0.16344442612808108
SG_017697,0.16159419476849812
SG_017702,0.12701501690714098
SG_017703,0.27887407510079926
SG_017709,0.11297564836304831
SG_017714,0.15225453184324575
SG_017715,0.23452369349143554
SG_017718,0.17380395717120525
SG_017719,0.1517089931216461
SG_017728,0.2141721723999406
SG_017729,0.1511420362884616
SG_017739,0.15557576895552702
SG_017743,0.15839824032058145
SG_017745,0.13819862423683318
SG_017746,0.12219294757144536
SG_017749,0.24800323782079528
SG_017750,0.17675723939638924
SG_017754,0.16310748208812878
SG_017757,0.15742461309045985
SG_017760,0.2517726080916387
SG_017774,0.179993122884842
SG_017775,0.13256287679518242
SG_017776,0.17138748519823924
SG_017777,0.17765212662256674
SG_017778,0.17328338945072702
SG_017781,0.17906666273866098
SG_017782,0.17968422750163893
SG_017789,0.17521988396691265
SG_017795,0.16020394829206977
SG_017798,0.20124157747373836
SG_017811,0.17429280275441458
SG_017817,0.13264438756949218
SG_017819,0.16534510558398854
SG_017822,0.1812128066212352
SG_017827,0.16106119624151358
SG_017830,0.2530108755553371
SG_017832,0.150484310330792
SG_017834,0.24350275844243163
SG_017838,0.16164483754269718
SG_017840,0.21337334236039143
SG_017847,0.15057404323118623
SG_017851,0.19842451923438872
SG_017855,0.19035995410622306
SG_017862,0.10961813828972812
SG_017865,0.1560562936243172
SG_017866,0.20668063906936346
SG_017867,0.13378885860053355
SG_017878,0.14014769022485818
SG_017879,0.11675160413981027
SG_017880,0.1383577704079976
SG_017881,0.13872105522368539
SG_017882,0.1689107222828137
SG_017886,0.1499668748256777
SG_017888,0.13254414642856538
SG_017889,0.15551386032576975
SG_017895,0.1812128066212352
SG_017900,0.1735631482721965
SG_017902,0.20878506932595425
SG_017907,0.25130515077939325
SG_017909,0.15006757799354864
SG_017910,0.14395276677760635
SG_017913,0.15602649380093486
SG_017914,0.15430857110323865
SG_017917,0.21502291476700286
SG_017918,0.2530108755553371
SG_017919,0.13075879587548975
SG_017920,0.2465814076513259
SG_017936,0.13420820500675315
SG_017938,0.18321217766933426
SG_017945,0.161622592990338
SG_017947,0.19475507167137557
SG_017949,0.13994907047555852
SG_017956,0.2015207114311263
SG_017958,0.17462871615379386
SG_017960,0.1872797850529153
SG_017965,0.1590157000016126
SG_017971,0.1781311945142349
SG_017973,0.26180972274715775
SG_017978,0.26237490562697485
SG_017981,0.13385954623375354
SG_017985,0.25562622765211335
SG_017987,0.19051455285865226
SG_017991,0.16700004657591824
SG_017992,0.20760711997222928
SG_018002,0.19361979463734913
SG_018003,0.24800323782079528
SG_018005,0.15834793205972983
SG_018014,0.16457406163101415
SG_018015,0.15803601813844476
SG_018016,0.19522512738947778
SG_018017,0.2649093678592701
SG_018024,0.13729815222764763
SG_018028,0.15258675944775602
SG_018032,0.15225453184324575
SG_018033,0.20145537052989468
SG_018037,0.15209049662520494
SG_018040,0.18644036063921804
SG_018042,0.12569815397425865
SG_018046,0.13560140334628096
SG_018050,0.24800323782079528
SG_018055,0.20179989171159912
SG_018056,0.17195146351409699
SG_018061,0.15803601813844476
SG_018063,0.1670000125708754
SG_018064,0.1862260388970473
SG_018067,0.13177361149763517
SG_018072,0.19210394970909214
SG_018073,0.1812128066212352
SG_018074,0.25009496066763703
SG_018076,0.18686733161369645
SG_018080,0.13254414642856538
SG_018084,0.1958494808725519
SG_018088,0.19502412821375906
SG_018090,0.14224558371797058
SG_018092,0.1774656822681087
SG_018094,0.16431555501434433
SG_018096,0.12701501690714098
SG_018100,0.2347566568301858
SG_018109,0.23820763356607427
SG_018111,0.1513817268093274
SG_018120,0.24800323782079528
SG_018124,0.26324019197999415
SG_018125,0.18150672900338619
SG_018130,0.1466902486688394
SG_018132,0.18556979533333087
SG_018134,0.14355966631162811
SG_018140,0.1789366431868919
SG_018144,0.15062677205076494
SG_018146,0.2237626520364389
SG_018150,0.16887509900240255
SG_018154,0.2530108755553371
SG_018155,0.15131100404325565
SG_018160,0.11180387962970459
SG_018165,0.14827796622628803
SG_018166,0.1280716596585314
SG_018170,0.13177361149763517
SG_018174,0.1883465173746989
SG_018175,0.12441364995307773
SG_018178,0.1556043484915115
SG_018181,0.19043657139581743
SG_018186,0.13668949354350363
SG_018188,0.18048761107054354
SG_018195,0.1280716596585314
SG_018198,0.1699514833300544
SG_018201,0.12219294757144536
SG_018206,0.1851387692624661
SG_018208,0.15712046526087453
SG_018214,0.24036630301565584
SG_018215,0.25064344092279256
SG_018216,0.18954791958531855
SG_018221,0.19273501344983465
SG_018224,0.12682006033930565
SG_018228,0.190255478102264
SG_018229,0.13241337395636804
SG_018238,0.13891085269812387
SG_018241,0.10994149420047783
SG_018246,0.15706340821650014
SG_018247,0.16505591057981306
SG_018252,0.2512224852787891
SG_018253,0.14520995557932753
SG_018259,0.24284035097897946
SG_018261,0.14208099960055526
SG_018263,0.16294133352157508
SG_018266,0.16475954604890022
SG_018269,0.16362497882057836
SG_018270,0.1816287483864305
SG_018276,0.15324353052992123
SG_018278,0.2426809800427469
SG_018281,0.15111030557533295
SG_018282,0.24423956788042805
SG_018284,0.18416920471254186
SG_018286,0.13254414642856538
SG_018287,0.1718566178700137
SG_018294,0.11297564836304831
SG_018297,0.13843604075236768
SG_018303,0.21272503875224152
SG_018305,0.17189775057802875
SG_018307,0.1361636988390227
SG_018312,0.1774656822681087
SG_018316,0.15677819891045147
SG_018321,0.1747774878533412
SG_018322,0.15481749703408884
SG_018325,0.10717992681759916
SG_018327,0.13335793847423058
SG_018330,0.1424549410676173
SG_018334,0.15579949517873026
SG_018336,0.20923765756037008
SG_018338,0.2491467964584379
SG_018341,0.15842471193717705
SG_018342,0.1617233736111642
SG_018347,0.16079209475282433
SG_018348,0.17598966298943297
SG_018351,0.15508816316721033
SG_018360,0.26324019197999415
SG_018361,0.20251106187303244
SG_018364,0.1740626190422624
SG_018366,0.1437249252071125
SG_018368,0.249566285524698
SG_018372,0.17576246404673504
SG_018379,0.16833352157185127
SG_018381,0.18822160052007275
SG_018386,0.13408882573077757
SG_018387,0.17902653387979547
SG_018388,0.1862264454672237
SG_018394,0.249566285524698
SG_018407,0.13729815222764763
SG_018410,0.1853076887881236
SG_018411,0.15778909248439443
SG_018417,0.20529107152248796
SG_018418,0.15057404323118623
SG_018420,0.15469773555944957
SG_018422,0.1487802382857938
SG_018424,0.22953378896924492
SG_018426,0.11297564836304831
SG_018427,0.13420820500675315
SG_018430,0.13642263148168468
SG_018433,0.14993314529560914
SG_018434,0.17083789849936826
SG_018436,0.17086598553596477
SG_018441,0.19828717319506803
SG_018442,0.16029707499131587
SG_018445,0.13879623734060262
SG_018448,0.17857415894003528
SG_018452,0.1237762608145903
SG_018455,0.1761505540521346
SG_018458,0.13420820500675315
SG_018462,0.25089257744283017
SG_018468,0.16478671115640278
SG_018469,0.1667519968878398
SG_018470,0.17182994763722892
SG_018471,0.2426809800427469
SG_018472,0.19146941586687768
SG_018474,0.10994149420047783
SG_018476,0.19259650897398944
SG_018481,0.2436181387548348
SG_018485,0.16244361460124157
SG_018487,0.18272291824681158
SG_018490,0.13841315171190258
SG_018491,0.15461535370371984
SG_018493,0.19707241059067593
SG_018494,0.17908583218670518
SG_018497,0.11837485485247363
SG_018501,0.13254414642856538
SG_018503,0.22051071654378676
SG_018505,0.19246292189723477
SG_018506,0.18194842540738404
SG_018510,0.14161811197305618
SG_018511,0.19116981253082194
SG_018514,0.2116940914215801
SG_018519,0.18421698998594524
SG_018520,0.11242887009564634
SG_018524,0.17882410285707764
SG_018525,0.1280716596585314
SG_018526,0.13177361149763517
SG_018529,0.16841727715752944
SG_018531,0.2102258092134488
SG_018534,0.15181937840272097
SG_018536,0.1575499176805244
SG_018537,0.18910273347657172
SG_018543,0.19746655848113645
SG_018544,0.1516706379858181
SG_018547,0.12785551585164517
SG_018548,0.14400455349976768
SG_018549,0.1755743265384856
SG_018553,0.13254414642856538
SG_018555,0.19487087311847787
SG_018558,0.14797676872408358
SG_018566,0.10994149420047783
SG_018568,0.18055734901105
SG_018569,0.12998786712501367
SG_018573,0.18974999616920124
SG_018576,0.15381346594593087
SG_018579,0.13580925671610564
SG_018587,0.15739639438651318
SG_018591,0.16906029170813458
SG_018594,0.13254414642856538
SG_018601,0.2530108755553371
SG_018603,0.17048063771827077
SG_018608,0.16404045803359485
SG_018611,0.1855020403297487
SG_018612,0.17580365820659372
SG_018615,0.15161388871406487
SG_018617,0.13420820500675315
SG_018621,0.15069447594805452
SG_018623,0.20948640528653056
SG_018624,0.1700925221498024
SG_018631,0.1312852910715522
SG_018636,0.1505477499511133
SG_018637,0.16079209475282433
SG_018639,0.2643249329156973
SG_018644,0.12153966131661663
SG_018645,0.16115708865138784
SG_018647,0.2426809800427469
SG_018650,0.2080127079646958
SG_018651,0.14857787013002985
SG_018662,0.22030878295482278
SG_018663,0.18030381895073253
SG_018664,0.1786630464006081
SG_018665,0.20447324934261774
SG_018670,0.25020034919980433
SG_018676,0.22051071654378676
SG_018677,0.14251397098180008
SG_018678,0.17249453933979708
SG_018680,0.20322463203836755
SG_018685,0.1555542825459314
SG_018686,0.24350275844243163
SG_018687,0.20078849511142086
SG_018688,0.1461507097843329
SG_018689,0.17235572328471296
SG_018693,0.1722353509076005
SG_018694,0.1280716596585314
SG_018697,0.1864441641459829
SG_018703,0.14971228898993463
SG_018705,0.17618613943399045
SG_018709,0.13204105546144632
SG_018710,0.18963715270165094
SG_018711,0.2053062996708627
SG_018717,0.12441364995307773
SG_018721,0.16454839788346287
SG_018722,0.16829775821239787
SG_018731,0.17866372742504005
SG_018733,0.20803086358571973
SG_018738,0.13639828152949346
SG_018744,0.17826632966051073
SG_018745,0.1909001594109666
SG_018748,0.15911878296832235
SG_018756,0.19518439780139973
SG_018758,0.23189726858852397
SG_018761,0.15144414301227768
SG_018765,0.1371235149409374
SG_018766,0.24349368675883665
SG_018767,0.1368727163413099
SG_018768,0.18033871062968473
SG_018770,0.16344436286315858
SG_018779,0.15414302268588093
SG_018787,0.1820776994098658
SG_018788,0.20450304375213432
SG_018789,0.1536582704074526
SG_018791,0.18289380589423787
SG_018792,0.19161478606288257
SG_018793,0.12219294757144536
SG_018798,0.20476525341976148
SG_018799,0.16737222403514834
SG_018800,0.12737219019183613
SG_018803,0.1768961810355537
SG_018806,0.2064684414048354
SG_018809,0.13239597479103177
SG_018811,0.2059154929627983
SG_018817,0.16131991015922442
SG_018818,0.1417692874305176
SG_018821,0.12219294757144536
SG_018822,0.15811554608938388
SG_018823,0.16805221483534352
SG_018826,0.18396788304346248
SG_018831,0.1257568287014019
SG_018834,0.19319472411939614
SG_018837,0.1981229697691861
SG_018838,0.1958494808725519
SG_018842,0.16237772751093293
SG_018843,0.27590523686673857
SG_018847,0.1518366277922722
SG_018850,0.13420820500675315
SG_018852,0.15997336590856584
SG_018853,0.1294191682776595
SG_018859,0.2641999738003687
SG_018861,0.20170261954172253
SG_018875,0.16109584096784238
SG_018883,0.16961167091635818
SG_018885,0.15493435180672446
SG_018889,0.18542809502073287
SG_018890,0.12879899988023422
SG_018894,0.18270172403725685
SG_018895,0.24919713171046629
SG_018899,0.13420820500675315
SG_018901,0.1800375151530593
SG_018902,0.17462871615379386
SG_018904,0.18315819856817903
SG_018905,0.20558448417610778
SG_018906,0.16469267717666833
SG_018907,0.20222834170184903
SG_018908,0.12441364995307773
SG_018915,0.2306267381606133
SG_018918,0.15327595186364634
SG_018920,0.15334127003055503
SG_018924,0.24800323782079528
SG_018928,0.2074541538715006
SG_018940,0.1851752451873423
SG_018941,0.13177361149763517
SG_018942,0.19271855355720163
SG_018965,0.2530108755553371
SG_018966,0.11297564836304831
SG_018968,0.15711115468507855
SG_018970,0.18194842540738404
SG_018972,0.11265363373882178
SG_018978,0.13420820500675315
SG_018981,0.13843604075236768
SG_018984,0.13580925671610564
SG_018990,0.1983811729825924
SG_019006,0.24800323782079528
SG_019012,0.18694335617408162
SG_019014,0.2548171697093479
SG_019015,0.22752640795867873
SG_019016,0.1877816429228485
SG_019018,0.20488225125444579
SG_019019,0.11675160413981027
SG_019023,0.201027320059838
SG_019028,0.24800323782079528
SG_019030,0.19571681873056648
SG_019036,0.1666735082443708
SG_019038,0.13254414642856538
SG_019039,0.1625463083633849
SG_019041,0.17444105619607558
SG_019042,0.1601537460986051
SG_019044,0.2530108755553371
SG_019051,0.13254414642856538
SG_019053,0.1927517617973984
SG_019054,0.155899600449545
SG_019058,0.17910226888673192
SG_019069,0.15633768103479936
SG_019071,0.11180387962970459
SG_019082,0.25485485541576874
SG_019083,0.11265363373882178
SG_019084,0.2471712336017418
SG_019087,0.12737219019183613
SG_019092,0.14349563541373545
SG_019098,0.1806078112581987
SG_019102,0.23527793528683955
SG_019105,0.13420820500675315
SG_019106,0.18131406342586917
SG_019109,0.1496011230626659
SG_019115,0.13770818455007883
SG_019117,0.1958494808725519
SG_019119,0.14233692795215785
SG_019120,0.20987219603061572
SG_019131,0.1684969422278898
SG_019142,0.26216697892101953
SG_019146,0.1774656822681087
SG_019147,0.18272291824681158
SG_019149,0.13735530560328077
SG_019150,0.17943366782369347
SG_019162,0.16161760239939493
SG_019167,0.13420820500675315
SG_019169,0.16601342804986688
SG_019171,0.1290272913800757
SG_019176,0.24800323782079528
SG_019184,0.13254414642856538
SG_019187,0.1745439763242326
SG_019190,0.140908958109211
SG_019197,0.14310961715898599
SG_019198,0.15677819891045147
SG_019201,0.1485957680433126
SG_019203,0.17912018778422806
SG_019204,0.20730046755940196
SG_019208,0.12701501690714098
SG_019209,0.13333575910929413
SG_019211,0.15095215797459438
SG_019212,0.17963602567048312
SG_019217,0.20735718557647456
SG_019221,0.13993489084450933
SG_019222,0.24674307010359225
SG_019223,0.13254414642856538
SG_019225,0.15608369849367917
SG_019237,0.15969000326876787
SG_019244,0.1789926022159462
SG_019245,0.20238448716437882
SG_019246,0.10717992681759916
SG_019247,0.15209049662520494
SG_019248,0.15187040936156576
SG_019249,0.17187790553004736
SG_019251,0.15567510501433374
SG_019253,0.13254414642856538
SG_019254,0.11148478512800994
SG_019255,0.25010198832470837
SG_019259,0.13981024205385087
SG_019265,0.13254414642856538
SG_019266,0.24477939835217294
SG_019267,0.1568262429612182
SG_019270,0.1349866634198667
SG_019271,0.15633768103479936
SG_019272,0.1861639146857546
SG_019273,0.15030348264079751
SG_019274,0.1280716596585314
SG_019275,0.1559369542574276
SG_019276,0.13557563621834362
SG_019282,0.1553086613454068
SG_019286,0.16916348488459088
SG_019289,0.1665856133882481
SG_019295,0.17945699129965598
SG_019296,0.22902397760454207
SG_019298,0.10717992681759916
SG_019300,0.16062952279568493
SG_019302,0.21201162839629487
SG_019311,0.16572197859560334
SG_019314,0.19897505780412983
SG_019315,0.15897539424154897
SG_019316,0.2353230395681393
SG_019321,0.14470634526197212
SG_019325,0.17291818809097656
SG_019326,0.199299992823247
SG_019328,0.1318382970886083
SG_019330,0.15803601813844476
SG_019333,0.14753626489575744
SG_019336,0.15777611682468898
SG_019339,0.19095948255504377
SG_019346,0.13608287063053068
SG_019352,0.1719449438404807
SG_019358,0.2118933558179996
SG_019362,0.1865636142947398
SG_019368,0.1522422864516323
SG_019371,0.15238791596111212
SG_019373,0.21443586138960846
SG_019374,0.23754977248132006
SG_019375,0.1827771574819293
SG_019376,0.17815476265665248
SG_019386,0.20087122188523546
SG_019388,0.16607400285641727
SG_019394,0.1960403393157618
SG_019398,0.1623266972807685
SG_019408,0.24712472166664354
SG_019411,0.15851370365185372
SG_019419,0.2530108755553371
SG_019421,0.15531413578971387
SG_019425,0.18989898895160223
SG_019427,0.2085619685024646
SG_019428,0.2153831543688374
SG_019431,0.17462871615379386
SG_019432,0.12701501690714098
SG_019433,0.1755323314675018
SG_019436,0.20483733332442552
SG_019437,0.2564050006874337
SG_019440,0.1237762608145903
SG_019442,0.16971370197731622
SG_019446,0.1531817460690694
SG_019447,0.15481749703408884
SG_019449,0.16835107594366702
SG_019452,0.12983254526923113
SG_019455,0.1891111979141159
SG_019456,0.1422077018535381
SG_019458,0.24560597804994888
SG_019466,0.153814000038148
SG_019468,0.25593870010616404
SG_019470,0.1368727163413099
SG_019471,0.1902149983149276
SG_019473,0.15538433824448697
SG_019478,0.20426161172324747
SG_019485,0.25593870010616404
SG_019488,0.22485941428248604
SG_019489,0.2580013903515123
SG_019491,0.17858430864767927
SG_019496,0.186482666080495
SG_019498,0.14541985000951477
SG_019510,0.1998460558527168
SG_019516,0.10717992681759916
SG_019519,0.13254414642856538
SG_019523,0.18706341305925464
SG_019527,0.12082092479127628
SG_019530,0.14609863755724375
SG_019532,0.14852555026471712
SG_019534,0.13729815222764763
SG_019540,0.172248988163778
SG_019541,0.15975417959388122
SG_019543,0.19116008037145818
SG_019553,0.17705285158365874
SG_019558,0.14437384958990998
SG_019562,0.1507295071277607
SG_019563,0.1823986210939538
SG_019564,0.1586770795634061
SG_019567,0.12868348412392677
SG_019570,0.2012673218132718
SG_019577,0.19691372509112037
SG_019583,0.18457055792514496
SG_019585,0.15557576895552702
SG_019587,0.1544413802245581
SG_019588,0.11297564836304831
SG_019591,0.13131079601339424
SG_019593,0.12737219019183613
SG_019598,0.15471455606317153
SG_019599,0.19863976763677824
SG_019602,0.25564383030152055
SG_019609,0.19545730013216883
SG_019620,0.15334127003055503
SG_019621,0.12219294757144536
SG_019624,0.2426809800427469
SG_019625,0.18854067251052092
SG_019627,0.10717992681759916
SG_019635,0.15608290361008356
SG_019638,0.14651593915528363
SG_019639,0.1280716596585314
SG_019642,0.2517726080916387
SG_019645,0.15562591353271904
SG_019647,0.23035038148302017
SG_019648,0.14411743117039172
SG_019650,0.13254414642856538
SG_019652,0.16131615202271904
SG_019654,0.19837961601809678
SG_019657,0.17042270752791816
SG_019660,0.15657313311268414
SG_019661,0.16470555861122504
SG_019662,0.17607476957379373
SG_019665,0.12565346324903132
SG_019666,0.16216218489792072
SG_019667,0.1722846420647581
SG_019676,0.1535713208869863
SG_019679,0.2530108755553371
SG_019680,0.2004268092311996
SG_019683,0.20369840659092467
SG_019689,0.14609863755724375
SG_019690,0.17099451838452895
SG_019691,0.16641341336965973
SG_019695,0.14883561674673176
SG_019698,0.19567515018135526
SG_019710,0.16881909393924924
SG_019711,0.1747339150611175
SG_019716,0.15371564624772902
SG_019724,0.16029707499131587
SG_019727,0.25049918859897796
SG_019728,0.12082092479127628
SG_019729,0.16476400272750982
SG_019733,0.25593870010616404
SG_019738,0.15751238705995713
SG_019740,0.16483338055423957
SG_019746,0.18397194594414493
SG_019747,0.1923563427759225
SG_019750,0.19247881108400483
SG_019755,0.24477939835217294
SG_019756,0.1544064380990533
SG_019761,0.13254414642856538
SG_019764,0.11148478512800994
SG_019766,0.15238791596111212
SG_019767,0.17359500531089936
SG_019769,0.249566285524698
SG_019779,0.13349381897608667
SG_019782,0.1278983346985986
SG_019783,0.15094971778878827
SG_019784,0.15312121004857507
SG_019791,0.1666735082443708
SG_019792,0.14227060305078704
SG_019793,0.23690297146569012
SG_019797,0.16079209475282433
SG_019800,0.249566285524698
SG_019801,0.1636064401203034
SG_019802,0.15624500361266988
SG_019804,0.1390346254028466
SG_019807,0.16820208004901022
SG_019809,0.18226306743247028
SG_019811,0.16381049534887726
SG_019812,0.13729815222764763
SG_019819,0.17044208784918574
SG_019828,0.13254414642856538
SG_019830,0.13401998467497475
SG_019832,0.13420820500675315
SG_019835,0.13177361149763517
SG_019838,0.16432006993082054
SG_019839,0.13420820500675315
SG_019842,0.2230715427400254
SG_019846,0.170477192377884
SG_019849,0.15651959491583436
SG_019851,0.1940413426286189
SG_019852,0.11476755758864636
SG_019853,0.17327488457418763
SG_019854,0.2353230395681393
SG_019857,0.16154455803031467
SG_019858,0.19161478606288257
SG_019859,0.20672183194947455
SG_019864,0.1847437226126654
SG_019865,0.19122887998003324
SG_019868,0.18865870638250165
SG_019869,0.25089257744283017
SG_019873,0.12082092479127628
SG_019878,0.14807145433189056
SG_019883,0.24477939835217294
SG_019887,0.13903243088194744
SG_019888,0.1173984770017463
SG_019895,0.16190416770610375
SG_019900,0.1418729875348827
SG_019903,0.15105525998724892
SG_019906,0.20296498668712643
SG_019909,0.12868348412392677
SG_019910,0.16120959403543664
SG_019913,0.18228119467653414
SG_019914,0.20051343262763774
SG_019921,0.14769384347325243
SG_019923,0.15161388871406487
SG_019928,0.2831210683674896
SG_019930,0.24800323782079528
SG_019933,0.1782435823907958
SG_019939,0.14954234899552027
SG_019941,0.16887065077179386
SG_019944,0.17517514366048983
SG_019945,0.1870354275616579
SG_019947,0.13863377149513323
SG_019949,0.178874626275962
SG_019950,0.18635109220691734
SG_019954,0.1601537460986051
SG_019955,0.2426809800427469
SG_019960,0.13254414642856538
SG_019961,0.19564534312557674
SG_019966,0.23420233124043777
SG_019968,0.18357031135892346
SG_019970,0.1318382970886083
SG_019973,0.1460507881323002
SG_019974,0.20745898222086706
SG_019976,0.16418724173211804
SG_019978,0.14958367339040873
SG_019980,0.12682006033930565
SG_019981,0.18667630867786217
SG_019983,0.1664645755331809
SG_019984,0.1619208097653865
SG_019985,0.11791725570629712
SG_019989,0.10717992681759916
SG_019994,0.16645212090663847
SG_019998,0.15354901638636423
SG_019999,0.23126431203220885
SG_020000,0.2579970884345527
